session_id,timestamp,temperature,humidity,light,noise_db,profile,rule_score_deterministic,comfort_score,residual
session_0000,2025-01-02 00:00:00,24.97,60.67,8.72,46.24,street,34.27,39.87,5.599999999999994
session_0000,2025-01-02 01:00:00,25.35,61.62,6.6,44.57,street,39.09,42.2,3.1099999999999994
session_0000,2025-01-02 02:00:00,25.48,59.69,4.68,39.01,street,53.42,52.9,-0.5200000000000031
session_0000,2025-01-02 03:00:00,25.91,61.65,3.9,37.65,street,55.02,57.14,2.1199999999999974
session_0000,2025-01-02 04:00:00,25.55,64.41,4.96,35.7,street,57.48,57.87,0.39000000000000057
session_0000,2025-01-02 05:00:00,24.36,61.71,4.11,36.52,street,62.34,58.07,-4.270000000000003
session_0001,2025-01-03 00:00:00,28.94,77.93,0.76,35.77,normal,46.0,50.1,4.100000000000001
session_0001,2025-01-03 01:00:00,29.13,78.66,9.74,36.96,normal,29.55,29.05,-0.5
session_0001,2025-01-03 02:00:00,29.74,79.2,8.46,36.43,normal,30.17,33.45,3.280000000000001
session_0001,2025-01-03 03:00:00,29.51,77.36,6.28,34.83,normal,38.19,33.7,-4.489999999999995
session_0001,2025-01-03 04:00:00,27.74,76.82,6.12,32.73,normal,49.06,52.42,3.3599999999999994
session_0001,2025-01-03 05:00:00,27.74,77.14,4.38,43.45,normal,30.08,37.12,7.039999999999999
session_0001,2025-01-03 06:00:00,26.65,78.01,10.02,40.85,normal,30.32,31.81,1.4899999999999984
session_0001,2025-01-03 07:00:00,27.56,78.94,7.12,38.67,normal,35.46,37.09,1.6300000000000026
session_0001,2025-01-03 08:00:00,28.38,77.62,16.91,38.23,normal,23.46,18.83,-4.630000000000003
session_0002,2025-01-04 00:00:00,24.41,71.67,2.11,36.26,normal,61.74,60.37,-1.3700000000000045
session_0002,2025-01-04 01:00:00,25.16,68.72,2.19,36.87,normal,58.94,56.71,-2.229999999999997
session_0002,2025-01-04 02:00:00,25.02,68.64,2.1,37.15,normal,59.02,60.21,1.1899999999999977
session_0002,2025-01-04 03:00:00,25.01,67.29,2.15,33.91,normal,65.99,64.36,-1.6299999999999955
session_0002,2025-01-04 04:00:00,25.96,67.78,2.72,35.51,normal,58.45,62.44,3.989999999999995
session_0002,2025-01-04 05:00:00,25.66,64.61,2.33,38.13,normal,56.1,56.17,0.07000000000000028
session_0003,2025-01-04 22:00:00,28.0,75.36,77.6,37.2,bright_room,0.0,2.19,2.19
session_0003,2025-01-04 23:00:00,27.47,72.56,110.21,32.14,bright_room,0.0,0.0,0.0
session_0003,2025-01-05 00:00:00,27.39,75.24,108.93,30.63,bright_room,0.0,0.0,0.0
session_0003,2025-01-05 01:00:00,27.57,73.32,95.02,30.22,bright_room,0.0,0.0,0.0
session_0003,2025-01-05 02:00:00,27.95,74.78,79.85,29.03,bright_room,0.0,6.4,6.4
session_0003,2025-01-05 03:00:00,28.81,74.73,79.47,40.28,bright_room,0.0,4.66,4.66
session_0003,2025-01-05 04:00:00,29.38,79.89,71.75,55.8,bright_room,0.0,0.0,0.0
session_0004,2025-01-05 23:00:00,25.84,74.42,12.56,32.52,normal,48.95,42.45,-6.5
session_0004,2025-01-06 00:00:00,25.3,77.54,20.23,35.01,normal,37.7,37.98,0.27999999999999403
session_0004,2025-01-06 01:00:00,24.41,74.09,12.3,33.88,normal,51.61,53.75,2.1400000000000006
session_0004,2025-01-06 02:00:00,25.26,74.18,8.2,37.42,normal,46.29,42.57,-3.719999999999999
session_0004,2025-01-06 03:00:00,25.02,73.22,4.54,56.91,normal,14.02,15.58,1.5600000000000005
session_0004,2025-01-06 04:00:00,23.99,69.69,4.59,46.35,normal,40.05,35.6,-4.449999999999996
session_0004,2025-01-06 05:00:00,23.86,70.92,3.45,42.41,normal,49.65,55.68,6.030000000000001
session_0005,2025-01-06 22:00:00,25.49,66.21,124.84,38.23,bright_room,0.0,0.0,0.0
session_0005,2025-01-06 23:00:00,24.92,69.15,107.75,34.95,bright_room,0.0,9.44,9.44
session_0005,2025-01-07 00:00:00,25.74,65.44,84.9,36.66,bright_room,0.0,0.0,0.0
session_0005,2025-01-07 01:00:00,25.82,64.93,88.19,38.44,bright_room,0.0,0.0,0.0
session_0005,2025-01-07 02:00:00,25.1,62.03,89.17,40.05,bright_room,0.0,0.0,0.0
session_0005,2025-01-07 03:00:00,24.56,62.33,96.85,38.23,bright_room,0.0,0.0,0.0
session_0005,2025-01-07 04:00:00,24.86,58.65,86.97,41.76,bright_room,0.0,4.41,4.41
session_0005,2025-01-07 05:00:00,24.94,60.55,77.59,37.67,bright_room,0.0,0.0,0.0
session_0006,2025-01-07 23:00:00,23.69,57.33,6.84,33.47,street,68.46,76.07,7.609999999999999
session_0006,2025-01-08 00:00:00,23.54,63.67,15.0,38.07,street,47.99,44.65,-3.3400000000000034
session_0006,2025-01-08 01:00:00,23.74,63.14,13.11,34.89,street,55.58,54.63,-0.9499999999999957
session_0006,2025-01-08 02:00:00,24.84,65.73,11.52,38.03,street,45.82,48.01,2.1899999999999977
session_0006,2025-01-08 03:00:00,25.22,67.45,9.63,45.61,street,30.57,36.87,6.299999999999997
session_0006,2025-01-08 04:00:00,25.08,66.14,8.21,41.64,street,41.68,31.96,-9.719999999999999
session_0006,2025-01-08 05:00:00,25.26,68.85,16.72,37.3,street,39.91,37.77,-2.1399999999999935
session_0006,2025-01-08 06:00:00,25.14,69.89,12.81,38.85,street,40.33,39.73,-0.6000000000000014
session_0007,2025-01-08 22:00:00,23.85,61.77,11.34,34.22,always_lamp,58.67,63.1,4.43
session_0007,2025-01-08 23:00:00,23.38,60.3,24.55,34.74,always_lamp,47.98,51.55,3.5700000000000003
session_0007,2025-01-09 00:00:00,24.28,62.82,18.84,35.09,always_lamp,48.26,55.25,6.990000000000002
session_0007,2025-01-09 01:00:00,24.14,61.66,12.51,35.65,always_lamp,53.79,54.03,0.240000000000002
session_0007,2025-01-09 02:00:00,25.1,61.22,11.07,33.19,always_lamp,56.82,56.02,-0.7999999999999972
session_0007,2025-01-09 03:00:00,25.51,61.85,11.13,35.23,always_lamp,50.99,50.73,-0.2600000000000051
session_0007,2025-01-09 04:00:00,25.05,66.92,11.45,49.63,always_lamp,21.49,25.59,4.100000000000001
session_0007,2025-01-09 05:00:00,25.85,63.29,11.63,42.79,always_lamp,33.68,36.91,3.229999999999997
session_0007,2025-01-09 06:00:00,25.54,67.11,19.84,40.87,always_lamp,29.67,32.62,2.9499999999999957
session_0008,2025-01-09 22:00:00,24.9,71.26,110.0,35.31,bright_room,0.0,0.2,0.2
session_0008,2025-01-09 23:00:00,24.59,68.07,98.82,35.14,bright_room,0.0,0.0,0.0
session_0008,2025-01-10 00:00:00,25.0,65.28,100.78,34.67,bright_room,0.0,5.24,5.24
session_0008,2025-01-10 01:00:00,24.71,61.7,110.28,36.15,bright_room,0.0,1.93,1.93
session_0008,2025-01-10 02:00:00,24.87,67.59,120.21,48.15,bright_room,0.0,0.0,0.0
session_0008,2025-01-10 03:00:00,25.19,66.57,115.96,44.17,bright_room,0.0,0.0,0.0
session_0008,2025-01-10 04:00:00,26.26,67.89,94.08,38.7,bright_room,0.0,1.97,1.97
session_0008,2025-01-10 05:00:00,26.64,68.13,103.68,38.98,bright_room,0.0,0.92,0.92
session_0009,2025-01-10 23:00:00,28.25,72.46,87.55,37.62,bright_room,0.0,1.24,1.24
session_0009,2025-01-11 00:00:00,27.44,69.76,88.49,37.09,bright_room,0.0,8.95,8.95
session_0009,2025-01-11 01:00:00,28.15,67.65,95.45,37.22,bright_room,0.0,3.73,3.73
session_0009,2025-01-11 02:00:00,28.6,72.42,86.13,38.77,bright_room,0.0,0.0,0.0
session_0009,2025-01-11 03:00:00,28.36,70.11,82.6,37.65,bright_room,0.0,0.0,0.0
session_0009,2025-01-11 04:00:00,29.92,68.83,55.36,53.88,bright_room,0.0,2.03,2.03
session_0009,2025-01-11 05:00:00,29.84,69.69,62.08,45.82,bright_room,0.0,5.91,5.91
session_0009,2025-01-11 06:00:00,28.82,70.62,76.58,44.04,bright_room,0.0,0.0,0.0
session_0010,2025-01-11 22:00:00,24.95,61.78,15.09,33.05,always_lamp,53.78,60.1,6.32
session_0010,2025-01-11 23:00:00,24.27,60.18,13.99,33.03,always_lamp,57.83,61.48,3.6499999999999986
session_0010,2025-01-12 00:00:00,24.4,61.83,13.92,32.68,always_lamp,57.48,59.87,2.3900000000000006
session_0010,2025-01-12 01:00:00,23.6,64.39,12.14,46.57,always_lamp,33.09,34.26,1.1699999999999946
session_0010,2025-01-12 02:00:00,24.41,60.96,10.82,41.3,always_lamp,43.36,37.99,-5.369999999999997
session_0010,2025-01-12 03:00:00,25.29,63.68,12.59,59.3,always_lamp,1.58,3.81,2.23
session_0010,2025-01-12 04:00:00,24.62,64.49,12.1,47.39,always_lamp,27.86,25.55,-2.3099999999999987
session_0010,2025-01-12 05:00:00,24.79,62.66,10.75,44.78,always_lamp,34.43,33.61,-0.8200000000000003
session_0011,2025-01-12 23:00:00,28.65,73.9,6.63,38.06,street,35.6,39.04,3.4399999999999977
session_0011,2025-01-13 00:00:00,28.51,76.8,7.39,39.13,street,31.66,33.85,2.1900000000000013
session_0011,2025-01-13 01:00:00,29.25,76.16,6.59,45.13,street,18.5,19.29,0.7899999999999991
session_0011,2025-01-13 02:00:00,29.01,76.13,7.02,41.42,street,26.15,23.44,-2.7099999999999973
session_0011,2025-01-13 03:00:00,28.52,73.35,9.3,36.48,street,35.43,35.66,0.22999999999999687
session_0011,2025-01-13 04:00:00,28.01,75.65,9.78,69.7,street,0.0,3.84,3.84
session_0011,2025-01-13 05:00:00,28.58,78.93,9.62,56.77,street,0.0,4.29,4.29
session_0011,2025-01-13 06:00:00,28.57,78.25,8.43,50.99,street,5.58,6.15,0.5700000000000003
session_0011,2025-01-13 07:00:00,28.56,75.1,7.15,44.28,street,22.22,25.57,3.3500000000000014
session_0012,2025-01-13 22:00:00,29.89,74.48,3.72,48.97,normal,13.59,13.54,-0.05000000000000071
session_0012,2025-01-13 23:00:00,29.76,70.46,3.6,41.9,normal,29.95,33.94,3.9899999999999984
session_0012,2025-01-14 00:00:00,29.68,71.37,4.14,40.49,normal,31.89,37.05,5.159999999999997
session_0012,2025-01-14 01:00:00,29.48,70.72,3.27,36.61,normal,41.91,45.6,3.690000000000005
session_0012,2025-01-14 02:00:00,28.85,71.74,4.09,49.63,normal,16.45,18.36,1.9100000000000001
session_0012,2025-01-14 03:00:00,28.7,68.7,2.36,42.06,normal,35.92,38.91,2.989999999999995
session_0012,2025-01-14 04:00:00,27.89,67.86,8.77,40.16,normal,33.26,34.79,1.5300000000000011
session_0012,2025-01-14 05:00:00,28.91,72.55,5.95,61.27,normal,0.0,0.0,0.0
session_0013,2025-01-15 00:00:00,23.27,60.7,4.61,39.55,street,59.76,53.29,-6.469999999999999
session_0013,2025-01-15 01:00:00,23.74,57.94,3.17,41.46,street,57.57,51.92,-5.649999999999999
session_0013,2025-01-15 02:00:00,23.61,59.64,2.9,41.67,street,57.33,59.7,2.3700000000000045
session_0013,2025-01-15 03:00:00,24.1,58.7,11.71,50.44,street,26.24,27.23,0.990000000000002
session_0013,2025-01-15 04:00:00,23.52,60.46,8.5,45.35,street,41.54,42.66,1.1199999999999974
session_0013,2025-01-15 05:00:00,23.47,62.5,10.31,41.48,street,46.13,46.72,0.5899999999999963
session_0013,2025-01-15 06:00:00,22.28,61.17,22.34,45.0,street,32.93,39.68,6.75
session_0014,2025-01-15 22:00:00,29.02,74.15,2.78,35.33,normal,45.43,36.15,-9.280000000000001
session_0014,2025-01-15 23:00:00,28.78,71.79,3.02,34.67,normal,48.17,46.1,-2.0700000000000003
session_0014,2025-01-16 00:00:00,28.51,74.96,2.32,37.25,normal,43.74,40.48,-3.260000000000005
session_0014,2025-01-16 01:00:00,28.31,71.05,2.89,40.13,normal,39.4,39.75,0.3500000000000014
session_0014,2025-01-16 02:00:00,28.29,72.7,3.22,39.41,normal,39.76,41.97,2.210000000000001
session_0014,2025-01-16 03:00:00,28.88,73.83,2.06,37.41,normal,42.98,44.62,1.6400000000000006
session_0014,2025-01-16 04:00:00,28.3,73.22,0.81,35.69,normal,50.28,51.28,1.0
session_0014,2025-01-16 05:00:00,27.0,70.03,1.95,39.43,normal,47.22,51.52,4.300000000000004
session_0014,2025-01-16 06:00:00,27.67,71.72,3.6,36.84,normal,46.87,48.34,1.470000000000006
session_0015,2025-01-16 23:00:00,24.62,69.58,4.12,39.02,normal,53.26,49.79,-3.469999999999999
session_0015,2025-01-17 00:00:00,24.49,66.8,3.43,64.4,normal,5.09,12.93,7.84
session_0015,2025-01-17 01:00:00,23.94,66.02,15.8,52.73,normal,15.62,15.93,0.3100000000000005
session_0015,2025-01-17 02:00:00,24.56,66.14,9.91,45.56,normal,33.1,27.89,-5.210000000000001
session_0015,2025-01-17 03:00:00,24.77,66.15,13.24,51.95,normal,16.56,24.96,8.400000000000002
session_0015,2025-01-17 04:00:00,25.47,70.92,10.32,68.68,normal,0.0,3.07,3.07
session_0015,2025-01-17 05:00:00,24.89,65.63,6.41,55.79,normal,16.92,20.15,3.229999999999997
session_0015,2025-01-17 06:00:00,25.25,66.94,5.08,68.82,normal,0.0,1.98,1.98
session_0015,2025-01-17 07:00:00,26.13,67.84,4.72,51.35,normal,23.15,24.79,1.6400000000000006
session_0016,2025-01-17 22:00:00,24.76,69.87,105.59,43.19,bright_room,0.0,0.0,0.0
session_0016,2025-01-17 23:00:00,24.86,69.71,83.09,42.25,bright_room,0.0,0.13,0.13
session_0016,2025-01-18 00:00:00,25.36,67.09,72.63,35.35,bright_room,0.0,1.46,1.46
session_0016,2025-01-18 01:00:00,24.94,65.64,72.73,33.69,bright_room,0.0,0.0,0.0
session_0016,2025-01-18 02:00:00,25.03,68.18,114.72,39.95,bright_room,0.0,0.0,0.0
session_0016,2025-01-18 03:00:00,25.25,69.22,77.75,35.72,bright_room,0.0,0.0,0.0
session_0016,2025-01-18 04:00:00,25.08,68.25,72.89,35.88,bright_room,0.0,0.0,0.0
session_0016,2025-01-18 05:00:00,25.03,70.24,80.26,35.05,bright_room,0.0,0.35,0.35
session_0016,2025-01-18 06:00:00,25.92,71.06,72.78,32.59,bright_room,0.0,0.0,0.0
session_0017,2025-01-18 23:00:00,26.02,63.44,3.59,32.39,normal,64.9,71.91,7.009999999999991
session_0017,2025-01-19 00:00:00,25.2,63.52,3.53,33.42,normal,65.75,62.09,-3.6599999999999966
session_0017,2025-01-19 01:00:00,24.54,67.1,2.65,34.6,normal,65.57,67.22,1.6500000000000057
session_0017,2025-01-19 02:00:00,24.89,68.32,15.0,36.65,normal,44.25,45.59,1.3400000000000034
session_0017,2025-01-19 03:00:00,24.19,69.66,11.08,34.46,normal,54.07,54.05,-0.020000000000003126
session_0017,2025-01-19 04:00:00,24.34,71.76,13.92,31.57,normal,55.96,58.91,2.9499999999999957
session_0017,2025-01-19 05:00:00,25.02,68.7,9.63,33.41,normal,55.18,56.28,1.1000000000000014
session_0017,2025-01-19 06:00:00,24.96,65.94,6.4,45.61,normal,36.96,38.51,1.5499999999999972
session_0018,2025-01-19 23:00:00,25.16,73.79,0.92,38.11,normal,56.19,59.54,3.3500000000000014
session_0018,2025-01-20 00:00:00,25.04,75.49,1.11,35.88,normal,60.25,61.45,1.2000000000000028
session_0018,2025-01-20 01:00:00,24.78,71.69,1.8,44.98,normal,43.45,37.99,-5.460000000000001
session_0018,2025-01-20 02:00:00,24.43,71.38,1.42,63.02,normal,9.29,3.67,-5.619999999999999
session_0018,2025-01-20 03:00:00,23.72,69.26,1.65,50.09,normal,38.13,39.17,1.0399999999999991
session_0018,2025-01-20 04:00:00,23.66,71.27,2.32,45.06,normal,46.58,61.47,14.89
session_0018,2025-01-20 05:00:00,23.33,69.37,1.38,36.73,normal,66.58,65.61,-0.9699999999999989
session_0019,2025-01-20 22:00:00,25.43,70.06,9.19,33.71,street,53.26,53.16,-0.10000000000000142
session_0019,2025-01-20 23:00:00,25.21,71.91,6.69,34.34,street,55.77,52.68,-3.0900000000000034
session_0019,2025-01-21 00:00:00,24.62,71.63,14.82,32.2,street,52.94,57.52,4.580000000000005
session_0019,2025-01-21 01:00:00,24.92,70.23,10.11,31.78,street,57.55,57.59,0.04000000000000625
session_0019,2025-01-21 02:00:00,23.76,68.17,10.38,33.06,street,59.62,56.1,-3.519999999999996
session_0019,2025-01-21 03:00:00,23.29,67.91,8.37,34.19,street,61.88,61.39,-0.490000000000002
session_0019,2025-01-21 04:00:00,24.05,61.26,9.22,31.85,street,65.28,70.4,5.1200000000000045
session_0020,2025-01-21 23:00:00,25.4,70.65,1.86,36.92,normal,57.71,58.05,0.3399999999999963
session_0020,2025-01-22 00:00:00,24.95,68.89,1.91,32.5,normal,68.78,69.51,0.730000000000004
session_0020,2025-01-22 01:00:00,25.1,70.24,6.34,37.01,normal,52.0,45.08,-6.920000000000002
session_0020,2025-01-22 02:00:00,25.01,69.28,5.26,38.7,normal,50.97,52.79,1.8200000000000003
session_0020,2025-01-22 03:00:00,25.14,72.67,3.55,34.9,normal,59.3,61.65,2.3500000000000014
session_0020,2025-01-22 04:00:00,25.12,70.51,3.03,37.58,normal,55.68,49.79,-5.890000000000001
session_0020,2025-01-22 05:00:00,25.12,63.56,3.7,37.65,normal,57.28,56.02,-1.259999999999998
session_0020,2025-01-22 06:00:00,25.56,60.45,2.69,36.73,normal,60.36,60.41,0.04999999999999716
session_0020,2025-01-22 07:00:00,24.55,60.41,7.33,33.58,normal,63.26,61.87,-1.3900000000000006
session_0021,2025-01-22 22:00:00,25.72,77.39,11.31,36.32,always_lamp,41.69,40.3,-1.3900000000000006
session_0021,2025-01-22 23:00:00,25.31,73.88,14.22,33.71,always_lamp,47.16,46.64,-0.519999999999996
session_0021,2025-01-23 00:00:00,25.12,74.06,12.14,35.51,always_lamp,45.99,52.99,7.0
session_0021,2025-01-23 01:00:00,25.74,71.82,8.92,34.88,always_lamp,49.55,56.72,7.170000000000002
session_0021,2025-01-23 02:00:00,25.44,73.16,5.05,35.5,always_lamp,54.63,59.2,4.57
session_0021,2025-01-23 03:00:00,25.5,73.77,6.41,35.24,always_lamp,52.63,53.53,0.8999999999999986
session_0021,2025-01-23 04:00:00,24.64,70.35,8.16,37.59,always_lamp,49.72,47.65,-2.0700000000000003
session_0021,2025-01-23 05:00:00,24.4,75.94,8.79,67.76,always_lamp,0.0,8.09,8.09
session_0021,2025-01-23 06:00:00,24.56,76.23,17.25,55.68,always_lamp,2.16,1.59,-0.5700000000000001
session_0022,2025-01-23 23:00:00,25.45,73.57,9.87,38.64,normal,40.9,42.16,1.259999999999998
session_0022,2025-01-24 00:00:00,25.41,70.72,6.44,37.71,normal,49.2,47.8,-1.4000000000000057
session_0022,2025-01-24 01:00:00,24.91,67.22,5.19,66.29,normal,0.0,0.0,0.0
session_0022,2025-01-24 02:00:00,25.35,69.63,3.28,56.06,normal,17.88,14.21,-3.669999999999998
session_0022,2025-01-24 03:00:00,25.28,68.68,2.91,47.24,normal,36.7,36.47,-0.23000000000000398
session_0022,2025-01-24 04:00:00,25.31,69.09,1.23,41.43,normal,50.57,49.8,-0.7700000000000031
session_0022,2025-01-24 05:00:00,25.86,70.16,2.64,37.98,normal,53.01,50.56,-2.4499999999999957
session_0022,2025-01-24 06:00:00,25.56,66.75,2.32,36.13,normal,59.61,57.64,-1.9699999999999989
session_0022,2025-01-24 07:00:00,25.56,71.88,7.78,35.12,normal,51.38,53.98,2.5999999999999943
session_0023,2025-01-24 22:00:00,25.88,70.42,1.66,42.53,normal,45.18,50.72,5.539999999999999
session_0023,2025-01-24 23:00:00,26.19,73.21,1.47,36.56,normal,55.2,54.06,-1.1400000000000006
session_0023,2025-01-25 00:00:00,26.16,74.4,11.49,34.02,normal,45.82,44.39,-1.4299999999999997
session_0023,2025-01-25 01:00:00,25.94,66.97,17.77,50.64,normal,10.63,16.56,5.929999999999998
session_0023,2025-01-25 02:00:00,25.25,68.5,12.3,45.66,normal,27.32,29.5,2.1799999999999997
session_0023,2025-01-25 03:00:00,24.93,73.63,8.66,41.13,normal,39.54,48.67,9.130000000000003
session_0023,2025-01-25 04:00:00,25.4,75.25,5.94,36.65,normal,50.29,53.27,2.980000000000004
session_0024,2025-01-26 00:00:00,28.66,74.49,55.26,35.06,bright_room,0.0,0.14,0.14
session_0024,2025-01-26 01:00:00,29.18,75.01,65.52,49.12,bright_room,0.0,0.0,0.0
session_0024,2025-01-26 02:00:00,28.62,75.19,73.22,42.4,bright_room,0.0,1.24,1.24
session_0024,2025-01-26 03:00:00,28.49,77.6,87.8,39.79,bright_room,0.0,0.0,0.0
session_0024,2025-01-26 04:00:00,28.56,75.43,86.06,37.68,bright_room,0.0,0.0,0.0
session_0024,2025-01-26 05:00:00,28.03,72.26,58.12,38.44,bright_room,0.0,6.11,6.11
session_0025,2025-01-26 23:00:00,24.59,66.65,134.35,39.87,bright_room,0.0,0.85,0.85
session_0025,2025-01-27 00:00:00,24.63,63.22,104.94,40.36,bright_room,0.0,0.0,0.0
session_0025,2025-01-27 01:00:00,24.96,62.58,107.04,34.68,bright_room,0.0,0.0,0.0
session_0025,2025-01-27 02:00:00,24.43,67.87,93.6,34.56,bright_room,0.0,0.0,0.0
session_0025,2025-01-27 03:00:00,24.89,68.0,75.91,33.84,bright_room,0.0,0.0,0.0
session_0025,2025-01-27 04:00:00,25.08,66.44,76.82,33.04,bright_room,0.0,0.0,0.0
session_0025,2025-01-27 05:00:00,24.61,64.83,90.29,38.47,bright_room,0.0,2.54,2.54
session_0025,2025-01-27 06:00:00,25.4,58.01,108.76,35.04,bright_room,0.0,4.22,4.22
session_0026,2025-01-27 23:00:00,26.01,62.33,4.15,32.39,street,64.51,66.58,2.069999999999993
session_0026,2025-01-28 00:00:00,24.54,58.6,3.38,34.12,street,68.87,66.09,-2.780000000000001
session_0026,2025-01-28 01:00:00,25.31,61.16,18.73,34.05,street,47.49,43.18,-4.310000000000002
session_0026,2025-01-28 02:00:00,25.08,62.63,15.22,33.48,street,52.01,48.95,-3.059999999999995
session_0026,2025-01-28 03:00:00,25.36,64.1,12.47,32.01,street,55.85,48.26,-7.590000000000003
session_0026,2025-01-28 04:00:00,24.9,65.65,24.82,32.07,street,45.63,44.22,-1.4100000000000037
session_0026,2025-01-28 05:00:00,24.94,63.32,19.04,47.69,street,20.35,19.11,-1.240000000000002
session_0026,2025-01-28 06:00:00,25.27,65.86,15.4,44.96,street,26.93,30.77,3.84
session_0027,2025-01-29 00:00:00,24.96,77.28,3.07,34.63,normal,59.38,56.06,-3.3200000000000003
session_0027,2025-01-29 01:00:00,24.5,79.29,5.69,34.05,normal,57.38,66.5,9.119999999999997
session_0027,2025-01-29 02:00:00,24.12,80.3,4.58,39.09,normal,49.89,49.52,-0.36999999999999744
session_0027,2025-01-29 03:00:00,24.76,76.33,3.07,54.57,normal,20.55,22.82,2.2699999999999996
session_0027,2025-01-29 04:00:00,24.58,75.38,15.02,49.08,normal,17.65,17.46,-0.18999999999999773
session_0027,2025-01-29 05:00:00,23.78,74.14,9.97,42.58,normal,38.5,39.36,0.8599999999999994
session_0028,2025-01-29 22:00:00,24.45,70.77,17.56,32.5,normal,50.82,52.63,1.8100000000000023
session_0028,2025-01-29 23:00:00,24.68,71.1,12.68,35.14,normal,48.97,49.64,0.6700000000000017
session_0028,2025-01-30 00:00:00,25.13,73.5,7.69,39.28,normal,44.03,43.08,-0.9500000000000028
session_0028,2025-01-30 01:00:00,24.38,73.49,6.11,38.35,normal,50.9,50.59,-0.30999999999999517
session_0028,2025-01-30 02:00:00,24.08,74.84,3.92,36.1,normal,59.2,63.13,3.9299999999999997
session_0028,2025-01-30 03:00:00,24.46,70.26,3.4,34.9,normal,62.88,61.11,-1.7700000000000031
session_0028,2025-01-30 04:00:00,24.35,70.8,3.91,33.82,normal,64.46,70.81,6.3500000000000085
session_0028,2025-01-30 05:00:00,24.0,69.64,2.97,33.25,normal,68.7,62.65,-6.050000000000004
session_0029,2025-01-30 22:00:00,26.44,59.22,78.91,33.11,bright_room,0.0,1.69,1.69
session_0029,2025-01-30 23:00:00,25.04,59.42,124.06,48.77,bright_room,0.0,0.0,0.0
session_0029,2025-01-31 00:00:00,24.87,61.36,114.71,43.71,bright_room,0.0,1.57,1.57
session_0029,2025-01-31 01:00:00,24.81,65.71,112.2,37.65,bright_room,0.0,0.0,0.0
session_0029,2025-01-31 02:00:00,25.53,63.57,102.61,34.67,bright_room,0.0,0.0,0.0
session_0029,2025-01-31 03:00:00,25.84,61.07,102.7,54.47,bright_room,0.0,1.53,1.53
session_0030,2025-02-01 00:00:00,27.86,77.27,67.35,38.23,bright_room,0.0,0.0,0.0
session_0030,2025-02-01 01:00:00,28.08,77.98,74.53,40.83,bright_room,0.0,5.42,5.42
session_0030,2025-02-01 02:00:00,28.49,82.89,75.86,37.01,bright_room,0.0,0.87,0.87
session_0030,2025-02-01 03:00:00,28.09,81.06,108.25,35.11,bright_room,0.0,0.0,0.0
session_0030,2025-02-01 04:00:00,28.77,80.68,93.32,32.14,bright_room,0.0,0.0,0.0
session_0030,2025-02-01 05:00:00,28.71,82.07,97.31,42.29,bright_room,0.0,1.44,1.44
session_0030,2025-02-01 06:00:00,28.5,81.29,91.51,68.87,bright_room,0.0,0.46,0.46
session_0030,2025-02-01 07:00:00,29.67,78.68,92.99,69.3,bright_room,0.0,1.16,1.16
session_0030,2025-02-01 08:00:00,30.28,84.22,87.96,57.95,bright_room,0.0,0.0,0.0
session_0031,2025-02-01 22:00:00,25.36,71.46,51.74,40.6,bright_room,0.4,1.94,1.54
session_0031,2025-02-01 23:00:00,24.92,68.48,76.03,35.55,bright_room,0.0,3.74,3.74
session_0031,2025-02-02 00:00:00,25.47,67.73,84.86,38.61,bright_room,0.0,0.0,0.0
session_0031,2025-02-02 01:00:00,26.41,63.93,86.13,38.95,bright_room,0.0,0.0,0.0
session_0031,2025-02-02 02:00:00,25.64,64.44,86.68,35.65,bright_room,0.0,0.0,0.0
session_0031,2025-02-02 03:00:00,25.55,61.34,92.66,48.24,bright_room,0.0,0.82,0.82
session_0031,2025-02-02 04:00:00,23.81,62.11,93.33,41.68,bright_room,0.0,0.0,0.0
session_0032,2025-02-02 22:00:00,24.7,65.97,1.0,35.53,normal,66.1,61.06,-5.039999999999992
session_0032,2025-02-02 23:00:00,24.51,69.48,5.85,35.73,normal,57.71,53.54,-4.170000000000002
session_0032,2025-02-03 00:00:00,25.74,69.52,4.59,36.59,normal,53.52,51.5,-2.020000000000003
session_0032,2025-02-03 01:00:00,25.41,71.94,3.92,37.84,normal,52.24,49.52,-2.719999999999999
session_0032,2025-02-03 02:00:00,24.05,65.75,3.61,33.44,normal,68.72,60.63,-8.089999999999996
session_0032,2025-02-03 03:00:00,24.14,65.48,2.76,34.26,normal,68.17,67.04,-1.1299999999999955
session_0033,2025-02-03 23:00:00,25.33,59.75,8.36,37.28,normal,51.83,47.67,-4.159999999999997
session_0033,2025-02-04 00:00:00,24.7,62.71,6.03,35.71,normal,59.48,54.85,-4.6299999999999955
session_0033,2025-02-04 01:00:00,24.28,65.17,4.84,35.25,normal,62.68,57.79,-4.890000000000001
session_0033,2025-02-04 02:00:00,24.17,64.94,3.06,38.45,normal,59.44,55.93,-3.509999999999998
session_0033,2025-02-04 03:00:00,24.79,63.62,2.89,36.84,normal,61.26,59.54,-1.7199999999999989
session_0033,2025-02-04 04:00:00,25.77,62.48,4.27,37.81,normal,54.29,62.1,7.810000000000002
session_0033,2025-02-04 05:00:00,24.35,62.52,3.69,38.45,normal,58.85,49.45,-9.399999999999999
session_0033,2025-02-04 06:00:00,24.81,59.62,3.29,37.0,normal,61.87,60.23,-1.6400000000000006
session_0034,2025-02-04 23:00:00,25.46,62.98,4.96,31.9,street,65.96,65.35,-0.6099999999999994
session_0034,2025-02-05 00:00:00,25.19,62.57,2.64,35.53,street,63.3,66.66,3.3599999999999994
session_0034,2025-02-05 01:00:00,24.89,61.66,9.01,36.53,street,53.14,52.55,-0.5900000000000034
session_0034,2025-02-05 02:00:00,24.5,65.97,6.02,34.39,street,61.56,68.3,6.739999999999995
session_0034,2025-02-05 03:00:00,24.69,64.05,4.86,36.24,street,59.7,63.95,4.25
session_0034,2025-02-05 04:00:00,23.95,64.67,3.81,34.07,street,67.95,65.5,-2.450000000000003
session_0034,2025-02-05 05:00:00,24.09,62.92,2.27,32.18,street,74.25,78.69,4.439999999999998
session_0035,2025-02-05 22:00:00,25.68,76.55,3.39,38.32,normal,49.3,42.65,-6.649999999999999
session_0035,2025-02-05 23:00:00,25.58,71.43,6.0,35.88,normal,52.62,47.86,-4.759999999999998
session_0035,2025-02-06 00:00:00,24.49,70.42,3.99,39.11,normal,53.41,50.0,-3.4099999999999966
session_0035,2025-02-06 01:00:00,25.06,67.21,4.0,38.67,normal,53.59,57.65,4.059999999999995
session_0035,2025-02-06 02:00:00,25.53,66.49,3.68,34.99,normal,60.06,54.3,-5.760000000000005
session_0035,2025-02-06 03:00:00,25.86,65.38,3.47,36.26,normal,57.13,56.81,-0.3200000000000003
session_0035,2025-02-06 04:00:00,26.01,71.99,3.79,35.45,normal,55.07,54.57,-0.5
session_0036,2025-02-06 23:00:00,26.62,63.3,1.45,35.99,normal,58.84,60.88,2.039999999999999
session_0036,2025-02-07 00:00:00,26.46,64.98,0.94,35.37,normal,60.65,56.46,-4.189999999999998
session_0036,2025-02-07 01:00:00,26.12,68.33,2.19,33.71,normal,62.05,60.6,-1.4499999999999957
session_0036,2025-02-07 02:00:00,25.92,62.17,8.81,36.54,normal,49.62,53.02,3.4000000000000057
session_0036,2025-02-07 03:00:00,25.3,68.38,7.49,60.74,normal,2.9,1.68,-1.22
session_0036,2025-02-07 04:00:00,24.25,61.64,5.22,52.37,normal,29.41,31.03,1.620000000000001
session_0036,2025-02-07 05:00:00,24.99,62.12,3.66,46.46,normal,40.77,43.67,2.8999999999999986
session_0036,2025-02-07 06:00:00,25.01,63.76,5.11,42.7,normal,45.42,48.64,3.219999999999999
session_0037,2025-02-08 00:00:00,23.4,70.51,1.62,38.1,normal,62.77,57.8,-4.970000000000006
session_0037,2025-02-08 01:00:00,24.63,67.22,0.37,36.64,normal,63.63,67.79,4.160000000000004
session_0037,2025-02-08 02:00:00,24.64,67.89,1.17,37.38,normal,61.6,62.41,0.8099999999999952
session_0037,2025-02-08 03:00:00,24.28,70.78,13.29,40.46,normal,39.32,39.17,-0.14999999999999858
session_0037,2025-02-08 04:00:00,24.55,68.17,8.51,52.67,normal,20.19,20.28,0.08999999999999986
session_0037,2025-02-08 05:00:00,24.29,65.32,7.3,47.16,normal,35.08,37.82,2.740000000000002
session_0037,2025-02-08 06:00:00,25.36,65.92,7.0,43.98,normal,37.92,35.38,-2.539999999999999
session_0037,2025-02-08 07:00:00,25.75,66.08,5.65,39.78,normal,46.91,42.15,-4.759999999999998
session_0037,2025-02-08 08:00:00,25.3,66.63,4.62,37.07,normal,55.25,53.62,-1.6300000000000026
session_0038,2025-02-08 22:00:00,24.83,69.24,3.83,33.68,normal,63.8,65.06,1.2600000000000051
session_0038,2025-02-08 23:00:00,25.65,69.47,3.31,32.09,normal,64.8,65.55,0.75
session_0038,2025-02-09 00:00:00,25.17,72.6,3.17,34.22,normal,61.15,59.51,-1.6400000000000006
session_0038,2025-02-09 01:00:00,24.93,75.32,1.58,32.82,normal,66.11,62.95,-3.1599999999999966
session_0038,2025-02-09 02:00:00,24.46,77.59,6.73,31.57,normal,61.62,63.14,1.5200000000000031
session_0038,2025-02-09 03:00:00,23.98,74.5,5.76,32.34,normal,64.48,62.28,-2.200000000000003
session_0038,2025-02-09 04:00:00,24.83,74.4,4.25,55.24,normal,17.98,21.27,3.289999999999999
session_0039,2025-02-09 22:00:00,22.69,59.69,2.92,30.4,normal,83.01,85.11,2.0999999999999943
session_0039,2025-02-09 23:00:00,22.93,60.62,4.37,28.94,normal,80.45,80.28,-0.1700000000000017
session_0039,2025-02-10 00:00:00,22.47,58.21,3.02,30.76,normal,83.52,89.24,5.719999999999999
session_0039,2025-02-10 01:00:00,22.67,60.41,2.4,46.81,normal,50.77,52.39,1.6199999999999974
session_0039,2025-02-10 02:00:00,23.01,61.84,2.45,43.62,normal,55.32,54.66,-0.6600000000000037
session_0039,2025-02-10 03:00:00,23.12,61.16,2.07,58.87,normal,25.28,28.68,3.3999999999999986
session_0040,2025-02-10 22:00:00,29.62,79.38,0.68,32.32,normal,49.95,54.17,4.219999999999999
session_0040,2025-02-10 23:00:00,29.15,75.37,1.76,38.39,normal,39.92,34.71,-5.210000000000001
session_0040,2025-02-11 00:00:00,29.09,72.19,2.64,36.68,normal,43.47,42.45,-1.019999999999996
session_0040,2025-02-11 01:00:00,27.92,75.41,4.17,37.04,normal,43.29,41.17,-2.1199999999999974
session_0040,2025-02-11 02:00:00,26.53,77.03,3.87,39.74,normal,42.54,42.58,0.03999999999999915
session_0040,2025-02-11 03:00:00,27.73,79.43,2.65,35.62,normal,47.44,50.21,2.770000000000003
session_0041,2025-02-11 23:00:00,29.74,63.67,13.62,38.4,always_lamp,26.89,25.22,-1.6700000000000017
session_0041,2025-02-12 00:00:00,29.55,66.47,10.57,34.35,always_lamp,37.26,37.62,0.35999999999999943
session_0041,2025-02-12 01:00:00,28.6,72.7,7.88,38.27,always_lamp,33.98,35.99,2.010000000000005
session_0041,2025-02-12 02:00:00,28.72,72.49,8.61,35.07,always_lamp,38.94,31.83,-7.109999999999999
session_0041,2025-02-12 03:00:00,28.31,69.48,6.36,33.28,always_lamp,48.52,49.68,1.1599999999999966
session_0041,2025-02-12 04:00:00,28.45,71.37,6.9,35.97,always_lamp,41.1,35.94,-5.160000000000004
session_0042,2025-02-12 23:00:00,28.22,84.61,64.66,35.4,bright_room,0.0,2.98,2.98
session_0042,2025-02-13 00:00:00,28.57,79.64,79.01,33.71,bright_room,0.0,0.0,0.0
session_0042,2025-02-13 01:00:00,28.55,79.99,68.72,36.75,bright_room,0.0,2.47,2.47
session_0042,2025-02-13 02:00:00,28.88,77.5,66.45,34.43,bright_room,0.0,3.96,3.96
session_0042,2025-02-13 03:00:00,28.68,74.7,76.24,36.56,bright_room,0.0,2.8,2.8
session_0042,2025-02-13 04:00:00,27.72,75.35,85.75,43.27,bright_room,0.0,9.73,9.73
session_0042,2025-02-13 05:00:00,28.82,75.73,86.64,57.04,bright_room,0.0,0.5,0.5
session_0042,2025-02-13 06:00:00,28.83,78.51,76.03,50.14,bright_room,0.0,4.07,4.07
session_0042,2025-02-13 07:00:00,28.75,75.11,78.8,43.89,bright_room,0.0,0.0,0.0
session_0043,2025-02-13 23:00:00,25.5,75.34,5.73,36.1,normal,51.31,42.85,-8.46
session_0043,2025-02-14 00:00:00,26.35,73.63,4.03,35.87,normal,52.03,47.42,-4.609999999999999
session_0043,2025-02-14 01:00:00,26.5,73.23,2.67,48.51,normal,28.45,25.96,-2.4899999999999984
session_0043,2025-02-14 02:00:00,25.88,75.15,3.23,43.23,normal,39.55,39.05,-0.5
session_0043,2025-02-14 03:00:00,26.86,73.2,2.34,41.94,normal,40.82,40.93,0.10999999999999943
session_0043,2025-02-14 04:00:00,26.0,75.4,2.76,38.68,normal,48.83,50.67,1.8400000000000034
session_0043,2025-02-14 05:00:00,25.43,73.81,2.7,42.99,normal,42.93,52.66,9.729999999999997
session_0043,2025-02-14 06:00:00,25.47,75.48,2.68,42.28,normal,43.56,36.17,-7.390000000000001
session_0044,2025-02-15 00:00:00,28.94,69.52,92.45,37.19,bright_room,0.0,2.5,2.5
session_0044,2025-02-15 01:00:00,28.47,70.9,68.41,38.65,bright_room,0.0,0.0,0.0
session_0044,2025-02-15 02:00:00,29.36,75.45,73.16,53.69,bright_room,0.0,5.92,5.92
session_0044,2025-02-15 03:00:00,28.53,72.7,84.04,50.91,bright_room,0.0,1.32,1.32
session_0044,2025-02-15 04:00:00,29.85,70.91,95.25,46.77,bright_room,0.0,0.0,0.0
session_0044,2025-02-15 05:00:00,28.31,71.97,88.08,40.76,bright_room,0.0,5.66,5.66
session_0044,2025-02-15 06:00:00,28.57,72.39,83.05,40.02,bright_room,0.0,0.0,0.0
session_0044,2025-02-15 07:00:00,27.58,75.11,88.75,41.69,bright_room,0.0,0.0,0.0
session_0045,2025-02-16 00:00:00,28.01,77.03,1.37,33.19,normal,54.2,58.08,3.8799999999999955
session_0045,2025-02-16 01:00:00,28.09,78.44,1.11,33.37,normal,53.41,57.18,3.770000000000003
session_0045,2025-02-16 02:00:00,27.47,75.96,2.9,34.41,normal,51.79,52.63,0.8400000000000034
session_0045,2025-02-16 03:00:00,27.91,73.68,7.16,40.44,normal,32.73,34.18,1.4500000000000028
session_0045,2025-02-16 04:00:00,28.1,78.46,7.59,39.03,normal,32.31,29.62,-2.6900000000000013
session_0045,2025-02-16 05:00:00,27.7,76.67,6.59,36.96,normal,40.07,38.5,-1.5700000000000003
session_0045,2025-02-16 06:00:00,27.83,76.51,5.58,39.42,normal,36.27,38.05,1.779999999999994
session_0045,2025-02-16 07:00:00,28.6,76.57,3.89,53.4,normal,8.16,2.96,-5.2
session_0045,2025-02-16 08:00:00,29.15,75.05,13.15,48.33,normal,4.96,4.01,-0.9500000000000002
session_0046,2025-02-17 00:00:00,25.49,60.65,73.38,34.46,bright_room,0.0,0.0,0.0
session_0046,2025-02-17 01:00:00,24.7,62.7,115.14,31.89,bright_room,0.0,4.61,4.61
session_0046,2025-02-17 02:00:00,24.67,63.14,147.51,56.43,bright_room,0.0,6.22,6.22
session_0046,2025-02-17 03:00:00,24.61,60.77,138.2,47.22,bright_room,0.0,0.0,0.0
session_0046,2025-02-17 04:00:00,25.13,64.97,114.79,39.13,bright_room,0.0,3.46,3.46
session_0046,2025-02-17 05:00:00,24.56,62.91,105.74,36.72,bright_room,0.0,0.45,0.45
session_0046,2025-02-17 06:00:00,24.73,59.84,100.51,34.0,bright_room,0.0,0.0,0.0
session_0046,2025-02-17 07:00:00,25.41,59.0,94.08,35.32,bright_room,0.0,0.0,0.0
session_0047,2025-02-17 22:00:00,25.55,62.6,3.71,33.26,normal,64.98,56.7,-8.280000000000001
session_0047,2025-02-17 23:00:00,25.34,59.24,3.84,35.52,normal,62.29,59.44,-2.8500000000000014
session_0047,2025-02-18 00:00:00,25.89,61.19,3.59,39.99,normal,51.05,46.14,-4.909999999999997
session_0047,2025-02-18 01:00:00,24.85,62.77,3.31,38.39,normal,57.67,62.32,4.649999999999999
session_0047,2025-02-18 02:00:00,25.39,63.99,2.94,61.62,normal,9.38,12.72,3.34
session_0047,2025-02-18 03:00:00,24.2,61.27,2.48,50.25,normal,38.08,42.33,4.25
session_0047,2025-02-18 04:00:00,25.02,60.73,2.89,54.0,normal,27.3,31.58,4.279999999999998
session_0047,2025-02-18 05:00:00,24.21,58.75,2.73,44.86,normal,49.46,42.62,-6.840000000000003
session_0048,2025-02-19 00:00:00,25.72,76.6,2.35,28.2,normal,67.32,60.96,-6.359999999999992
session_0048,2025-02-19 01:00:00,25.13,74.4,2.11,29.98,normal,70.62,66.4,-4.219999999999999
session_0048,2025-02-19 02:00:00,25.89,74.7,2.33,32.62,normal,62.25,67.97,5.719999999999999
session_0048,2025-02-19 03:00:00,26.34,72.84,3.71,33.57,normal,57.49,51.14,-6.350000000000001
session_0048,2025-02-19 04:00:00,25.22,70.41,2.68,37.01,normal,57.01,57.82,0.8100000000000023
session_0048,2025-02-19 05:00:00,25.1,73.34,3.49,35.55,normal,57.96,57.95,-0.00999999999999801
session_0048,2025-02-19 06:00:00,25.13,69.1,3.59,34.98,normal,60.56,57.92,-2.6400000000000006
session_0048,2025-02-19 07:00:00,24.45,64.33,1.91,41.99,normal,53.35,57.81,4.460000000000001
session_0048,2025-02-19 08:00:00,24.06,70.01,0.82,73.33,normal,0.0,0.0,0.0
session_0049,2025-02-20 00:00:00,25.27,66.75,3.37,33.25,normal,64.8,62.21,-2.5899999999999963
session_0049,2025-02-20 01:00:00,25.36,66.18,3.61,40.01,normal,50.84,51.05,0.20999999999999375
session_0049,2025-02-20 02:00:00,25.41,66.92,3.7,36.71,normal,56.81,51.43,-5.380000000000003
session_0049,2025-02-20 03:00:00,24.5,64.03,12.44,37.68,normal,47.58,44.47,-3.1099999999999994
session_0049,2025-02-20 04:00:00,24.08,64.56,7.71,38.07,normal,53.7,54.93,1.2299999999999969
session_0049,2025-02-20 05:00:00,23.31,67.51,5.29,38.03,normal,58.92,63.07,4.149999999999999
session_0049,2025-02-20 06:00:00,24.19,68.94,2.74,41.04,normal,53.07,55.24,2.1700000000000017
session_0049,2025-02-20 07:00:00,24.86,67.64,2.3,38.71,normal,56.55,58.34,1.7900000000000063
session_0049,2025-02-20 08:00:00,24.98,65.54,1.3,40.34,normal,55.2,53.19,-2.010000000000005
session_0050,2025-02-20 22:00:00,24.65,70.05,2.51,36.9,normal,59.65,61.17,1.5200000000000031
session_0050,2025-02-20 23:00:00,24.1,70.1,3.31,36.31,normal,61.52,57.25,-4.270000000000003
session_0050,2025-02-21 00:00:00,24.98,71.42,1.45,35.47,normal,62.4,69.68,7.280000000000008
session_0050,2025-02-21 01:00:00,25.17,69.35,1.57,64.95,normal,3.42,10.67,7.25
session_0050,2025-02-21 02:00:00,25.59,70.59,2.64,54.57,normal,20.58,11.71,-8.869999999999997
session_0050,2025-02-21 03:00:00,25.37,68.28,2.45,45.81,normal,40.09,39.07,-1.0200000000000031
session_0050,2025-02-21 04:00:00,25.21,68.7,0.75,41.98,normal,50.33,49.49,-0.8399999999999963
session_0050,2025-02-21 05:00:00,25.4,67.33,5.73,38.8,normal,49.46,49.19,-0.2700000000000031
session_0050,2025-02-21 06:00:00,25.55,69.24,4.49,38.08,normal,51.49,45.93,-5.560000000000002
session_0051,2025-02-21 23:00:00,23.36,66.19,5.49,35.0,street,65.04,59.25,-5.790000000000006
session_0051,2025-02-22 00:00:00,24.89,64.22,14.38,38.95,street,41.84,44.52,2.6799999999999997
session_0051,2025-02-22 01:00:00,24.7,64.59,10.87,37.8,street,47.85,43.71,-4.140000000000001
session_0051,2025-02-22 02:00:00,25.48,62.87,8.77,38.28,street,47.47,58.94,11.469999999999999
session_0051,2025-02-22 03:00:00,25.22,64.32,17.74,46.98,street,21.55,14.24,-7.3100000000000005
session_0051,2025-02-22 04:00:00,25.43,64.09,14.22,41.73,street,34.61,34.64,0.030000000000001137
session_0051,2025-02-22 05:00:00,26.09,63.59,12.18,36.15,street,45.49,48.85,3.3599999999999994
session_0051,2025-02-22 06:00:00,25.26,66.07,10.41,35.14,street,51.0,54.27,3.270000000000003
session_0051,2025-02-22 07:00:00,24.73,62.13,15.74,34.88,street,50.17,47.74,-2.4299999999999997
session_0052,2025-02-23 00:00:00,26.4,72.98,7.7,63.37,street,0.0,3.39,3.39
session_0052,2025-02-23 01:00:00,25.64,72.12,11.44,52.25,street,12.11,11.25,-0.8599999999999994
session_0052,2025-02-23 02:00:00,25.15,67.87,9.76,44.66,street,32.37,24.57,-7.799999999999997
session_0052,2025-02-23 03:00:00,24.89,62.23,12.12,41.05,street,40.48,49.55,9.07
session_0052,2025-02-23 04:00:00,25.25,63.82,8.87,39.01,street,46.28,55.26,8.979999999999997
session_0052,2025-02-23 05:00:00,25.24,67.21,8.83,41.05,street,40.94,44.74,3.8000000000000043
session_0052,2025-02-23 06:00:00,24.91,62.34,12.69,37.2,street,47.55,52.77,5.220000000000006
session_0052,2025-02-23 07:00:00,25.3,61.93,10.86,49.54,street,23.33,23.66,0.33000000000000185
session_0053,2025-02-23 23:00:00,24.43,64.1,0.74,33.35,normal,72.16,67.93,-4.22999999999999
session_0053,2025-02-24 00:00:00,25.14,72.48,2.57,33.1,normal,64.47,59.41,-5.060000000000002
session_0053,2025-02-24 01:00:00,25.19,69.85,2.4,35.69,normal,60.42,63.43,3.009999999999998
session_0053,2025-02-24 02:00:00,25.67,59.37,3.31,48.34,normal,36.27,39.29,3.019999999999996
session_0053,2025-02-24 03:00:00,26.17,64.61,2.17,44.17,normal,42.47,41.08,-1.3900000000000006
session_0053,2025-02-24 04:00:00,25.04,69.72,12.57,39.08,normal,40.52,44.02,3.5
session_0054,2025-02-24 23:00:00,24.97,67.64,3.61,35.24,normal,61.14,62.64,1.5
session_0054,2025-02-25 00:00:00,24.57,61.47,16.42,36.23,normal,47.67,51.8,4.1299999999999955
session_0054,2025-02-25 01:00:00,24.41,61.32,10.24,38.92,normal,48.49,42.07,-6.420000000000002
session_0054,2025-02-25 02:00:00,25.34,60.53,6.9,47.54,normal,33.16,32.68,-0.4799999999999969
session_0054,2025-02-25 03:00:00,24.55,61.69,12.8,42.38,normal,38.63,44.68,6.049999999999997
session_0054,2025-02-25 04:00:00,25.0,61.11,9.32,40.67,normal,44.23,37.62,-6.609999999999999
session_0054,2025-02-25 05:00:00,25.06,60.54,6.45,39.54,normal,50.79,51.63,0.8400000000000034
session_0055,2025-02-25 23:00:00,24.62,69.25,8.33,39.51,street,46.1,50.14,4.039999999999999
session_0055,2025-02-26 00:00:00,24.92,66.0,8.79,37.41,street,49.89,46.21,-3.6799999999999997
session_0055,2025-02-26 01:00:00,25.27,63.92,8.16,39.44,street,46.38,47.16,0.779999999999994
session_0055,2025-02-26 02:00:00,25.09,64.26,10.86,38.58,street,45.06,45.11,0.04999999999999716
session_0055,2025-02-26 03:00:00,24.98,66.58,8.96,36.56,street,50.9,41.6,-9.299999999999997
session_0055,2025-02-26 04:00:00,24.88,65.09,6.71,35.82,street,56.67,59.29,2.6199999999999974
session_0056,2025-02-27 00:00:00,25.31,61.48,1.92,36.29,normal,62.88,65.99,3.1099999999999923
session_0056,2025-02-27 01:00:00,24.44,62.2,2.79,34.92,normal,67.04,63.37,-3.670000000000009
session_0056,2025-02-27 02:00:00,24.38,61.47,2.67,35.59,normal,66.42,65.99,-0.4300000000000068
session_0056,2025-02-27 03:00:00,24.04,64.33,3.54,37.19,normal,61.95,56.06,-5.890000000000001
session_0056,2025-02-27 04:00:00,25.26,65.75,2.42,47.02,normal,39.11,36.89,-2.219999999999999
session_0056,2025-02-27 05:00:00,24.75,61.63,2.79,42.09,normal,51.84,50.08,-1.7600000000000051
session_0057,2025-02-28 00:00:00,22.92,67.69,9.06,34.07,normal,62.46,54.37,-8.090000000000003
session_0057,2025-02-28 01:00:00,22.59,65.19,6.25,34.89,normal,67.2,72.92,5.719999999999999
session_0057,2025-02-28 02:00:00,22.57,64.08,18.79,35.6,normal,52.76,51.19,-1.5700000000000003
session_0057,2025-02-28 03:00:00,22.59,63.67,12.02,32.36,normal,65.42,64.51,-0.9099999999999966
session_0057,2025-02-28 04:00:00,22.65,66.14,11.38,32.07,normal,65.38,64.65,-0.7299999999999898
session_0057,2025-02-28 05:00:00,22.95,64.64,8.51,33.18,normal,66.2,67.36,1.1599999999999966
session_0057,2025-02-28 06:00:00,23.26,65.71,5.86,34.53,normal,65.97,74.21,8.239999999999995
session_0058,2025-02-28 23:00:00,24.76,62.54,7.55,38.61,normal,51.26,58.66,7.399999999999999
session_0058,2025-03-01 00:00:00,25.4,61.82,5.16,38.09,normal,53.96,52.43,-1.5300000000000011
session_0058,2025-03-01 01:00:00,24.42,62.48,3.97,37.13,normal,60.82,64.3,3.479999999999997
session_0058,2025-03-01 02:00:00,24.57,66.22,2.15,38.7,normal,58.39,55.53,-2.8599999999999994
session_0058,2025-03-01 03:00:00,24.5,62.21,2.07,39.47,normal,58.82,67.38,8.559999999999995
session_0058,2025-03-01 04:00:00,24.7,63.79,1.67,56.47,normal,24.08,22.67,-1.4099999999999966
session_0058,2025-03-01 05:00:00,25.07,61.87,3.04,50.95,normal,32.57,36.79,4.219999999999999
session_0058,2025-03-01 06:00:00,25.19,63.21,1.76,43.71,normal,47.99,46.9,-1.0900000000000034
session_0059,2025-03-02 00:00:00,24.23,66.2,13.65,37.74,always_lamp,46.45,44.95,-1.5
session_0059,2025-03-02 01:00:00,24.52,65.45,22.58,35.92,always_lamp,41.34,41.23,-0.11000000000000654
session_0059,2025-03-02 02:00:00,24.42,64.92,19.05,36.05,always_lamp,44.81,43.87,-0.9400000000000048
session_0059,2025-03-02 03:00:00,24.06,66.15,17.14,36.04,always_lamp,47.33,48.0,0.6700000000000017
session_0059,2025-03-02 04:00:00,24.53,67.36,11.09,35.05,always_lamp,52.6,50.1,-2.5
session_0059,2025-03-02 05:00:00,24.63,65.03,9.79,34.42,always_lamp,55.75,56.16,0.4099999999999966
session_0059,2025-03-02 06:00:00,24.49,64.37,10.76,34.27,always_lamp,55.82,53.71,-2.1099999999999994
session_0059,2025-03-02 07:00:00,25.48,65.33,9.85,37.49,always_lamp,46.45,45.32,-1.1300000000000026
session_0059,2025-03-02 08:00:00,25.86,66.4,9.28,37.52,always_lamp,45.45,44.67,-0.7800000000000011
session_0060,2025-03-02 23:00:00,24.22,66.6,3.15,32.04,normal,71.29,69.26,-2.030000000000001
session_0060,2025-03-03 00:00:00,24.05,65.54,14.24,34.33,normal,53.63,56.77,3.1400000000000006
session_0060,2025-03-03 01:00:00,25.33,65.01,10.69,36.29,normal,48.63,49.0,0.36999999999999744
session_0060,2025-03-03 02:00:00,25.63,64.55,6.97,36.32,normal,52.87,54.0,1.1300000000000026
session_0060,2025-03-03 03:00:00,25.42,66.14,4.11,48.8,normal,32.28,32.96,0.6799999999999997
session_0060,2025-03-03 04:00:00,25.69,64.01,3.68,45.4,normal,39.67,41.43,1.759999999999998
session_0060,2025-03-03 05:00:00,25.44,64.74,3.93,35.19,normal,60.28,62.7,2.4200000000000017
session_0060,2025-03-03 06:00:00,26.18,64.36,3.7,34.64,normal,59.31,65.02,5.709999999999994
session_0060,2025-03-03 07:00:00,25.8,64.97,3.77,35.73,normal,58.08,66.4,8.320000000000007
session_0061,2025-03-04 00:00:00,29.97,71.79,69.29,37.81,bright_room,0.0,1.43,1.43
session_0061,2025-03-04 01:00:00,29.47,72.79,78.73,38.87,bright_room,0.0,0.0,0.0
session_0061,2025-03-04 02:00:00,27.85,72.79,92.08,37.55,bright_room,0.0,0.0,0.0
session_0061,2025-03-04 03:00:00,28.65,73.38,101.78,35.96,bright_room,0.0,0.0,0.0
session_0061,2025-03-04 04:00:00,28.7,72.75,94.66,36.98,bright_room,0.0,1.56,1.56
session_0061,2025-03-04 05:00:00,28.35,73.12,105.33,32.61,bright_room,0.0,2.91,2.91
session_0062,2025-03-04 23:00:00,28.05,73.0,3.48,39.6,normal,39.71,41.25,1.5399999999999991
session_0062,2025-03-05 00:00:00,27.49,74.97,2.34,40.49,normal,40.8,46.21,5.410000000000004
session_0062,2025-03-05 01:00:00,27.58,74.08,13.75,38.15,normal,30.64,32.27,1.6300000000000026
session_0062,2025-03-05 02:00:00,26.81,73.25,24.3,36.68,normal,27.12,32.57,5.449999999999999
session_0062,2025-03-05 03:00:00,27.21,74.87,15.25,33.35,normal,39.91,41.71,1.8000000000000043
session_0062,2025-03-05 04:00:00,27.47,77.5,10.21,36.13,normal,36.91,47.13,10.220000000000006
session_0062,2025-03-05 05:00:00,28.4,77.63,7.89,36.8,normal,35.6,35.77,0.1700000000000017
session_0063,2025-03-06 00:00:00,23.33,69.16,75.38,37.36,bright_room,0.0,2.84,2.84
session_0063,2025-03-06 01:00:00,24.16,65.5,68.31,36.1,bright_room,1.07,4.05,2.9799999999999995
session_0063,2025-03-06 02:00:00,24.26,64.59,95.63,37.88,bright_room,0.0,0.0,0.0
session_0063,2025-03-06 03:00:00,25.73,61.16,94.32,34.63,bright_room,0.0,1.62,1.62
session_0063,2025-03-06 04:00:00,24.87,62.21,91.22,35.1,bright_room,0.0,0.0,0.0
session_0063,2025-03-06 05:00:00,24.88,66.19,81.54,35.99,bright_room,0.0,0.0,0.0
session_0063,2025-03-06 06:00:00,25.04,63.1,134.34,35.04,bright_room,0.0,0.91,0.91
session_0064,2025-03-06 23:00:00,24.38,60.86,7.81,33.33,street,63.47,54.37,-9.100000000000001
session_0064,2025-03-07 00:00:00,24.11,59.9,6.68,32.19,street,68.74,73.29,4.550000000000011
session_0064,2025-03-07 01:00:00,24.87,61.48,6.13,40.64,street,49.41,51.52,2.1100000000000065
session_0064,2025-03-07 02:00:00,24.86,65.63,5.65,38.47,street,52.82,55.41,2.5899999999999963
session_0064,2025-03-07 03:00:00,24.18,64.84,5.47,60.27,street,12.2,13.79,1.5899999999999999
session_0064,2025-03-07 04:00:00,24.41,68.16,6.44,67.51,street,0.0,0.0,0.0
session_0065,2025-03-07 23:00:00,25.59,73.71,2.37,33.65,normal,61.59,61.84,0.25
session_0065,2025-03-08 00:00:00,26.04,69.32,4.09,37.93,normal,50.62,49.7,-0.9199999999999946
session_0065,2025-03-08 01:00:00,26.0,66.48,4.22,34.65,normal,58.27,55.5,-2.770000000000003
session_0065,2025-03-08 02:00:00,25.79,63.97,3.44,43.39,normal,43.69,47.83,4.140000000000001
session_0065,2025-03-08 03:00:00,25.13,65.08,3.02,37.6,normal,57.8,55.91,-1.8900000000000006
session_0065,2025-03-08 04:00:00,25.32,63.23,3.75,40.33,normal,51.31,46.26,-5.050000000000004
session_0065,2025-03-08 05:00:00,25.16,64.14,13.65,35.57,normal,48.38,43.92,-4.460000000000001
session_0066,2025-03-08 23:00:00,24.78,58.49,82.28,32.39,bright_room,0.0,0.0,0.0
session_0066,2025-03-09 00:00:00,25.06,58.21,75.92,32.9,bright_room,0.4,6.0,5.6
session_0066,2025-03-09 01:00:00,24.96,62.72,89.38,33.99,bright_room,0.0,2.64,2.64
session_0066,2025-03-09 02:00:00,25.03,60.53,93.95,38.88,bright_room,0.0,0.0,0.0
session_0066,2025-03-09 03:00:00,24.99,63.55,137.58,38.23,bright_room,0.0,0.0,0.0
session_0066,2025-03-09 04:00:00,25.62,64.43,115.75,37.82,bright_room,0.0,0.0,0.0
session_0066,2025-03-09 05:00:00,24.61,63.04,107.17,37.13,bright_room,0.0,5.41,5.41
session_0067,2025-03-10 00:00:00,24.38,66.36,7.32,36.76,street,55.1,50.06,-5.039999999999999
session_0067,2025-03-10 01:00:00,24.37,61.25,6.15,37.41,street,57.66,47.37,-10.29
session_0067,2025-03-10 02:00:00,24.49,59.38,8.36,34.31,street,60.9,58.11,-2.789999999999999
session_0067,2025-03-10 03:00:00,23.87,64.64,24.16,32.56,street,49.21,50.31,1.1000000000000014
session_0067,2025-03-10 04:00:00,23.09,62.67,17.46,32.24,street,59.4,58.35,-1.0499999999999972
session_0067,2025-03-10 05:00:00,24.24,60.77,13.37,34.09,street,56.12,61.33,5.210000000000001
session_0068,2025-03-10 23:00:00,26.24,63.79,0.0,34.32,blackout,64.0,59.5,-4.5
session_0068,2025-03-11 00:00:00,26.13,61.31,0.0,35.92,blackout,62.18,61.88,-0.29999999999999716
session_0068,2025-03-11 01:00:00,26.31,60.57,0.0,33.48,blackout,66.74,72.09,5.3500000000000085
session_0068,2025-03-11 02:00:00,25.84,57.9,0.0,31.76,blackout,72.89,73.15,0.2600000000000051
session_0068,2025-03-11 03:00:00,24.91,62.37,0.79,33.12,blackout,71.64,74.53,2.8900000000000006
session_0068,2025-03-11 04:00:00,26.13,63.16,4.95,33.5,blackout,60.36,57.97,-2.3900000000000006
session_0069,2025-03-12 00:00:00,24.59,65.34,8.78,32.16,street,61.79,57.79,-4.0
session_0069,2025-03-12 01:00:00,25.0,66.71,6.54,29.26,street,67.51,58.82,-8.690000000000005
session_0069,2025-03-12 02:00:00,24.23,67.41,7.02,33.26,street,62.67,61.95,-0.7199999999999989
session_0069,2025-03-12 03:00:00,24.47,64.72,17.12,30.83,street,56.89,53.96,-2.9299999999999997
session_0069,2025-03-12 04:00:00,24.67,66.7,12.51,45.16,street,30.91,26.55,-4.359999999999999
session_0069,2025-03-12 05:00:00,24.48,63.62,11.68,41.44,street,40.99,40.15,-0.8400000000000034
session_0069,2025-03-12 06:00:00,24.24,60.83,7.19,41.18,street,49.19,45.24,-3.9499999999999957
session_0069,2025-03-12 07:00:00,24.47,58.57,6.19,39.75,street,53.62,54.62,1.0
session_0069,2025-03-12 08:00:00,24.85,59.69,4.42,39.32,street,55.39,59.97,4.579999999999998
session_0070,2025-03-13 00:00:00,22.85,61.44,13.92,35.82,always_lamp,56.78,53.13,-3.6499999999999986
session_0070,2025-03-13 01:00:00,23.95,65.97,23.21,35.19,always_lamp,44.02,47.62,3.5999999999999943
session_0070,2025-03-13 02:00:00,25.18,65.71,20.27,37.38,always_lamp,38.1,37.95,-0.14999999999999858
session_0070,2025-03-13 03:00:00,24.59,61.39,15.19,43.77,always_lamp,33.65,33.56,-0.0899999999999963
session_0070,2025-03-13 04:00:00,24.75,59.45,13.69,39.45,always_lamp,43.87,44.12,0.25
session_0070,2025-03-13 05:00:00,23.99,63.71,12.45,34.38,always_lamp,56.1,64.62,8.520000000000003
session_0071,2025-03-14 00:00:00,23.7,75.91,4.22,31.24,normal,69.35,68.33,-1.019999999999996
session_0071,2025-03-14 01:00:00,24.57,73.95,3.77,38.19,normal,53.9,55.01,1.1099999999999994
session_0071,2025-03-14 02:00:00,25.16,70.69,7.78,34.98,normal,53.55,57.73,4.18
session_0071,2025-03-14 03:00:00,24.33,63.16,5.31,33.94,normal,65.25,54.92,-10.329999999999998
session_0071,2025-03-14 04:00:00,24.53,61.73,4.59,62.66,normal,8.73,13.15,4.42
session_0071,2025-03-14 05:00:00,25.05,61.36,3.59,68.49,normal,0.0,1.54,1.54
session_0071,2025-03-14 06:00:00,25.97,65.74,3.45,56.08,normal,16.99,18.72,1.7300000000000004
session_0071,2025-03-14 07:00:00,24.79,65.64,2.46,49.41,normal,35.95,38.04,2.0899999999999963
session_0072,2025-03-14 22:00:00,21.74,59.16,0.78,35.4,normal,79.45,80.41,0.9599999999999937
session_0072,2025-03-14 23:00:00,22.21,57.96,2.69,35.03,normal,76.48,81.71,5.22999999999999
session_0072,2025-03-15 00:00:00,22.65,61.35,3.4,34.83,normal,72.93,76.82,3.8899999999999864
session_0072,2025-03-15 01:00:00,22.66,59.47,12.99,35.88,normal,58.96,55.07,-3.8900000000000006
session_0072,2025-03-15 02:00:00,22.44,60.19,9.3,35.89,normal,63.15,61.74,-1.4099999999999966
session_0072,2025-03-15 03:00:00,21.96,58.24,7.21,35.85,normal,68.84,70.22,1.3799999999999955
session_0072,2025-03-15 04:00:00,22.47,59.53,4.67,33.68,normal,74.67,71.05,-3.6200000000000045
session_0073,2025-03-16 00:00:00,29.21,75.04,0.13,61.97,blackout,0.0,0.0,0.0
session_0073,2025-03-16 01:00:00,30.31,72.31,0.6,54.25,blackout,6.47,8.75,2.2800000000000002
session_0073,2025-03-16 02:00:00,29.8,73.26,1.13,47.5,blackout,21.19,23.96,2.7699999999999996
session_0073,2025-03-16 03:00:00,31.53,72.91,0.64,57.8,blackout,0.0,0.0,0.0
session_0073,2025-03-16 04:00:00,31.31,72.32,9.54,53.39,blackout,0.0,0.22,0.22
session_0073,2025-03-16 05:00:00,31.84,72.44,5.72,58.51,blackout,0.0,3.03,3.03
session_0073,2025-03-16 06:00:00,30.88,73.03,3.59,46.39,blackout,16.04,8.43,-7.609999999999999
session_0073,2025-03-16 07:00:00,29.88,72.6,1.55,43.12,blackout,29.31,20.76,-8.549999999999997
session_0074,2025-03-16 22:00:00,25.51,73.57,2.13,40.92,normal,47.76,44.0,-3.759999999999998
session_0074,2025-03-16 23:00:00,24.78,69.86,2.39,37.81,normal,57.61,52.78,-4.829999999999998
session_0074,2025-03-17 00:00:00,24.49,67.3,2.62,39.13,normal,56.66,61.76,5.100000000000001
session_0074,2025-03-17 01:00:00,23.92,67.02,1.73,37.26,normal,63.85,66.64,2.789999999999999
session_0074,2025-03-17 02:00:00,24.3,69.2,1.58,35.73,normal,64.95,67.7,2.75
session_0074,2025-03-17 03:00:00,25.42,71.96,2.7,33.08,normal,63.53,69.69,6.159999999999997
session_0074,2025-03-17 04:00:00,25.78,72.21,2.27,38.87,normal,51.25,51.93,0.6799999999999997
session_0075,2025-03-17 22:00:00,25.19,64.91,2.56,33.75,normal,66.02,62.7,-3.319999999999993
session_0075,2025-03-17 23:00:00,25.25,68.08,1.99,33.24,normal,66.44,70.77,4.329999999999998
session_0075,2025-03-18 00:00:00,26.09,66.38,2.42,36.03,normal,57.96,58.49,0.5300000000000011
session_0075,2025-03-18 01:00:00,25.21,67.56,3.7,35.64,normal,59.41,63.67,4.260000000000005
session_0075,2025-03-18 02:00:00,25.39,67.3,3.48,35.63,normal,59.23,60.85,1.6200000000000045
session_0075,2025-03-18 03:00:00,24.89,65.06,3.08,34.59,normal,64.55,59.46,-5.089999999999996
session_0075,2025-03-18 04:00:00,24.84,66.58,2.64,35.92,normal,62.11,61.23,-0.8800000000000026
session_0075,2025-03-18 05:00:00,25.77,66.45,2.85,35.06,normal,60.34,54.24,-6.100000000000001
session_0076,2025-03-19 00:00:00,29.21,62.58,4.56,44.83,normal,27.71,27.25,-0.46000000000000085
session_0076,2025-03-19 01:00:00,29.55,68.95,3.83,47.39,normal,19.97,16.63,-3.34
session_0076,2025-03-19 02:00:00,29.13,73.55,3.31,46.45,normal,22.28,21.55,-0.7300000000000004
session_0076,2025-03-19 03:00:00,28.75,72.71,3.04,42.09,normal,33.04,34.28,1.240000000000002
session_0076,2025-03-19 04:00:00,29.45,68.36,2.96,38.41,normal,39.82,38.68,-1.1400000000000006
session_0076,2025-03-19 05:00:00,29.79,66.46,2.55,37.16,normal,42.53,39.88,-2.6499999999999986
session_0076,2025-03-19 06:00:00,29.69,69.66,2.17,38.45,normal,39.58,42.34,2.760000000000005
session_0077,2025-03-19 22:00:00,24.44,62.94,2.4,39.68,normal,57.83,53.59,-4.239999999999995
session_0077,2025-03-19 23:00:00,24.38,63.59,1.84,38.01,normal,61.97,58.43,-3.539999999999999
session_0077,2025-03-20 00:00:00,24.13,65.67,2.09,35.74,normal,66.16,68.67,2.510000000000005
session_0077,2025-03-20 01:00:00,24.31,66.48,2.48,37.47,normal,61.15,61.86,0.7100000000000009
session_0077,2025-03-20 02:00:00,25.67,66.81,3.28,34.74,normal,60.53,54.74,-5.789999999999999
session_0077,2025-03-20 03:00:00,25.49,60.89,11.0,32.8,normal,56.44,50.5,-5.939999999999998
session_0077,2025-03-20 04:00:00,25.48,65.08,7.28,33.7,normal,57.97,61.06,3.0900000000000034
session_0078,2025-03-20 22:00:00,23.83,73.84,7.29,35.32,street,57.0,57.21,0.21000000000000085
session_0078,2025-03-20 23:00:00,24.14,73.52,4.51,38.43,street,53.97,52.41,-1.5600000000000023
session_0078,2025-03-21 00:00:00,23.34,74.91,6.68,39.79,street,50.26,55.15,4.890000000000001
session_0078,2025-03-21 01:00:00,23.86,72.88,19.12,37.71,street,40.2,38.79,-1.4100000000000037
session_0078,2025-03-21 02:00:00,24.22,77.19,12.74,37.52,street,43.34,46.82,3.479999999999997
session_0078,2025-03-21 03:00:00,25.22,73.34,11.99,36.3,street,44.49,42.55,-1.9400000000000048
session_0078,2025-03-21 04:00:00,25.08,71.49,11.14,36.12,street,46.85,50.81,3.960000000000001
session_0079,2025-03-21 23:00:00,25.36,56.75,4.96,37.21,street,58.18,62.2,4.020000000000003
session_0079,2025-03-22 00:00:00,25.28,64.8,6.91,35.23,street,56.26,50.18,-6.079999999999998
session_0079,2025-03-22 01:00:00,24.18,64.84,6.88,35.8,street,59.02,60.84,1.8200000000000003
session_0079,2025-03-22 02:00:00,24.19,64.61,6.4,36.74,street,57.9,56.78,-1.1199999999999974
session_0079,2025-03-22 03:00:00,24.88,60.19,6.0,33.4,street,64.53,64.41,-0.12000000000000455
session_0079,2025-03-22 04:00:00,24.78,62.09,13.16,40.78,street,40.55,38.58,-1.9699999999999989
session_0080,2025-03-22 23:00:00,29.22,71.58,4.83,34.66,street,44.01,45.32,1.3100000000000023
session_0080,2025-03-23 00:00:00,28.45,74.49,2.63,44.99,street,28.19,32.22,4.029999999999998
session_0080,2025-03-23 01:00:00,28.73,75.72,8.78,37.87,street,31.75,33.66,1.9099999999999966
session_0080,2025-03-23 02:00:00,28.58,75.56,17.24,54.05,street,0.0,7.23,7.23
session_0080,2025-03-23 03:00:00,29.61,73.28,14.3,64.33,street,0.0,0.0,0.0
session_0080,2025-03-23 04:00:00,28.8,73.62,11.86,52.09,street,0.42,0.0,-0.42
session_0080,2025-03-23 05:00:00,29.18,75.77,18.66,46.03,street,4.2,0.0,-4.2
session_0081,2025-03-24 00:00:00,25.53,71.92,84.56,33.44,bright_room,0.0,0.0,0.0
session_0081,2025-03-24 01:00:00,25.53,69.66,106.13,32.57,bright_room,0.0,0.0,0.0
session_0081,2025-03-24 02:00:00,25.83,68.58,121.12,33.94,bright_room,0.0,5.07,5.07
session_0081,2025-03-24 03:00:00,25.84,69.69,98.13,33.17,bright_room,0.0,6.67,6.67
session_0081,2025-03-24 04:00:00,24.98,66.43,126.37,33.87,bright_room,0.0,0.0,0.0
session_0081,2025-03-24 05:00:00,25.17,66.13,113.23,31.26,bright_room,0.0,1.4,1.4
session_0081,2025-03-24 06:00:00,24.69,69.08,104.03,30.83,bright_room,0.0,8.07,8.07
session_0081,2025-03-24 07:00:00,23.58,70.83,104.82,45.07,bright_room,0.0,7.05,7.05
session_0082,2025-03-25 00:00:00,28.53,74.05,4.35,40.58,normal,34.33,29.33,-5.0
session_0082,2025-03-25 01:00:00,29.01,72.9,4.39,31.88,normal,50.45,59.89,9.439999999999998
session_0082,2025-03-25 02:00:00,29.39,72.56,1.96,31.29,normal,54.1,48.54,-5.560000000000002
session_0082,2025-03-25 03:00:00,29.03,70.11,2.75,34.98,normal,47.75,52.54,4.789999999999999
session_0082,2025-03-25 04:00:00,29.89,70.69,2.57,37.45,normal,39.84,44.11,4.269999999999996
session_0082,2025-03-25 05:00:00,28.88,70.8,1.8,37.97,normal,43.44,41.67,-1.769999999999996
session_0083,2025-03-26 00:00:00,23.31,74.98,1.41,44.19,normal,49.42,48.3,-1.1200000000000045
session_0083,2025-03-26 01:00:00,24.42,76.25,1.33,40.86,normal,51.8,51.21,-0.5899999999999963
session_0083,2025-03-26 02:00:00,24.28,71.65,1.5,39.22,normal,57.16,58.67,1.5100000000000051
session_0083,2025-03-26 03:00:00,24.48,72.04,1.77,38.81,normal,56.75,52.65,-4.100000000000001
session_0083,2025-03-26 04:00:00,25.44,64.75,2.47,39.33,normal,54.21,53.15,-1.0600000000000023
session_0083,2025-03-26 05:00:00,25.33,68.28,11.24,37.14,normal,45.15,47.23,2.0799999999999983
session_0083,2025-03-26 06:00:00,25.55,69.13,8.32,35.88,normal,50.18,57.06,6.880000000000003
session_0083,2025-03-26 07:00:00,25.06,75.3,5.84,33.29,normal,58.33,60.57,2.240000000000002
session_0083,2025-03-26 08:00:00,24.03,70.54,4.66,34.93,normal,62.32,65.0,2.6799999999999997
session_0084,2025-03-26 22:00:00,23.28,73.4,6.57,47.35,street,36.11,37.45,1.3400000000000034
session_0084,2025-03-26 23:00:00,23.33,69.65,5.98,42.72,street,47.56,44.14,-3.4200000000000017
session_0084,2025-03-27 00:00:00,23.79,69.49,4.67,39.16,street,55.11,53.72,-1.3900000000000006
session_0084,2025-03-27 01:00:00,24.42,66.78,4.41,36.6,street,59.51,57.6,-1.9099999999999966
session_0084,2025-03-27 02:00:00,24.9,65.34,6.21,36.23,street,56.45,63.62,7.169999999999995
session_0084,2025-03-27 03:00:00,25.73,67.18,5.07,36.18,street,54.62,58.82,4.200000000000003
session_0085,2025-03-28 00:00:00,28.01,81.74,5.28,33.7,normal,45.46,49.69,4.229999999999997
session_0085,2025-03-28 01:00:00,28.21,84.16,7.1,34.34,normal,39.78,41.51,1.7299999999999969
session_0085,2025-03-28 02:00:00,29.24,78.71,4.49,50.69,normal,9.58,5.64,-3.9400000000000004
session_0085,2025-03-28 03:00:00,29.38,80.15,3.97,56.26,normal,0.0,0.0,0.0
session_0085,2025-03-28 04:00:00,29.83,81.02,4.73,58.77,normal,0.0,4.74,4.74
session_0085,2025-03-28 05:00:00,31.0,81.54,3.28,48.87,normal,7.73,10.1,2.369999999999999
session_0086,2025-03-28 22:00:00,22.99,66.08,81.02,33.78,bright_room,0.0,4.62,4.62
session_0086,2025-03-28 23:00:00,23.62,69.46,76.43,37.6,bright_room,0.0,2.6,2.6
session_0086,2025-03-29 00:00:00,24.64,68.15,97.96,37.29,bright_room,0.0,0.0,0.0
session_0086,2025-03-29 01:00:00,24.77,64.07,98.61,49.1,bright_room,0.0,0.0,0.0
session_0086,2025-03-29 02:00:00,24.72,65.12,92.51,63.59,bright_room,0.0,6.68,6.68
session_0086,2025-03-29 03:00:00,26.01,65.61,75.34,53.74,bright_room,0.0,6.17,6.17
session_0087,2025-03-29 22:00:00,24.04,67.25,1.35,33.15,normal,72.12,70.34,-1.7800000000000011
session_0087,2025-03-29 23:00:00,24.64,67.17,4.35,56.99,normal,17.86,19.15,1.2899999999999991
session_0087,2025-03-30 00:00:00,24.79,67.5,4.58,47.81,normal,35.24,35.39,0.14999999999999858
session_0087,2025-03-30 01:00:00,24.55,69.52,2.85,43.01,normal,47.48,53.92,6.440000000000005
session_0087,2025-03-30 02:00:00,24.98,66.49,3.76,36.79,normal,58.27,54.66,-3.6100000000000065
session_0087,2025-03-30 03:00:00,23.72,63.83,3.31,35.66,normal,66.66,61.58,-5.079999999999998
session_0088,2025-03-31 00:00:00,25.1,61.88,0.08,34.82,blackout,67.76,72.46,4.699999999999989
session_0088,2025-03-31 01:00:00,25.96,64.77,9.92,36.79,blackout,46.26,44.1,-2.1599999999999966
session_0088,2025-03-31 02:00:00,26.0,65.57,17.78,33.62,blackout,45.04,43.78,-1.259999999999998
session_0088,2025-03-31 03:00:00,25.29,63.33,11.34,35.26,blackout,50.95,44.87,-6.080000000000005
session_0088,2025-03-31 04:00:00,25.42,65.04,6.05,31.9,blackout,63.64,70.79,7.150000000000006
session_0088,2025-03-31 05:00:00,24.77,64.03,3.3,47.22,blackout,39.81,42.08,2.269999999999996
session_0088,2025-03-31 06:00:00,25.8,66.71,2.6,43.02,blackout,44.58,41.79,-2.789999999999999
session_0089,2025-04-01 00:00:00,24.41,61.99,6.32,30.53,street,70.73,75.95,5.219999999999999
session_0089,2025-04-01 01:00:00,24.55,60.32,7.75,33.24,street,63.35,58.88,-4.469999999999999
session_0089,2025-04-01 02:00:00,24.89,63.4,8.47,38.84,street,48.64,43.09,-5.549999999999997
session_0089,2025-04-01 03:00:00,25.67,65.59,5.49,36.1,street,54.99,53.91,-1.0800000000000054
session_0089,2025-04-01 04:00:00,24.77,64.84,6.57,37.46,street,54.09,55.24,1.1499999999999986
session_0089,2025-04-01 05:00:00,25.12,61.15,7.72,36.46,street,54.61,52.95,-1.6599999999999966
session_0089,2025-04-01 06:00:00,24.67,65.92,11.61,35.73,street,50.87,48.14,-2.729999999999997
session_0090,2025-04-01 22:00:00,24.05,58.74,0.62,32.03,normal,78.28,76.99,-1.2900000000000063
session_0090,2025-04-01 23:00:00,24.28,65.05,13.8,37.06,normal,47.96,48.54,0.5799999999999983
session_0090,2025-04-02 00:00:00,24.58,62.09,8.79,35.78,normal,55.89,59.98,4.089999999999996
session_0090,2025-04-02 01:00:00,25.59,66.66,6.35,37.57,normal,50.59,54.79,4.199999999999996
session_0090,2025-04-02 02:00:00,24.79,66.28,6.2,39.14,normal,50.63,47.75,-2.8800000000000026
session_0090,2025-04-02 03:00:00,25.64,67.72,5.16,59.83,normal,7.27,0.0,-7.27
session_0090,2025-04-02 04:00:00,25.89,63.72,3.63,50.44,normal,29.09,30.58,1.4899999999999984
session_0090,2025-04-02 05:00:00,24.47,67.21,12.05,43.95,normal,34.25,30.43,-3.8200000000000003
session_0090,2025-04-02 06:00:00,24.49,72.28,8.9,55.36,normal,12.79,13.06,0.27000000000000135
session_0091,2025-04-03 00:00:00,26.68,67.41,17.3,35.07,always_lamp,39.44,33.84,-5.599999999999994
session_0091,2025-04-03 01:00:00,25.88,66.99,18.02,36.38,always_lamp,39.14,37.79,-1.3500000000000014
session_0091,2025-04-03 02:00:00,25.53,65.65,29.41,34.4,always_lamp,34.61,38.68,4.07
session_0091,2025-04-03 03:00:00,25.45,64.46,20.23,35.32,always_lamp,41.77,37.12,-4.650000000000006
session_0091,2025-04-03 04:00:00,24.69,68.88,17.49,40.83,always_lamp,34.13,35.78,1.6499999999999986
session_0091,2025-04-03 05:00:00,25.45,67.38,12.35,35.37,always_lamp,47.61,50.91,3.299999999999997
session_0091,2025-04-03 06:00:00,25.65,69.32,9.38,34.31,always_lamp,51.32,54.11,2.789999999999999
session_0092,2025-04-03 22:00:00,30.44,63.92,2.68,36.7,normal,41.97,47.26,5.289999999999999
session_0092,2025-04-03 23:00:00,30.02,65.37,5.61,35.74,normal,40.41,46.49,6.080000000000005
session_0092,2025-04-04 00:00:00,30.44,67.78,4.27,38.33,normal,34.79,34.66,-0.13000000000000256
session_0092,2025-04-04 01:00:00,29.18,71.75,4.09,38.23,normal,38.07,39.43,1.3599999999999994
session_0092,2025-04-04 02:00:00,29.19,72.21,4.21,36.73,normal,40.68,35.02,-5.659999999999997
session_0092,2025-04-04 03:00:00,28.96,72.18,3.06,36.31,normal,44.05,43.7,-0.3499999999999943
session_0092,2025-04-04 04:00:00,28.08,71.1,2.37,37.5,normal,46.22,44.71,-1.509999999999998
session_0092,2025-04-04 05:00:00,27.26,66.65,2.66,40.02,normal,45.41,42.87,-2.539999999999999
session_0092,2025-04-04 06:00:00,27.81,73.81,1.94,36.87,normal,47.99,50.71,2.719999999999999
session_0093,2025-04-04 22:00:00,28.82,73.98,3.34,36.71,normal,42.59,50.52,7.93
session_0093,2025-04-04 23:00:00,28.7,72.71,3.17,37.66,normal,41.89,45.69,3.799999999999997
session_0093,2025-04-05 00:00:00,29.48,73.05,2.61,38.5,normal,38.18,38.94,0.759999999999998
session_0093,2025-04-05 01:00:00,29.01,75.94,2.23,37.88,normal,40.49,28.0,-12.490000000000002
session_0093,2025-04-05 02:00:00,28.84,74.83,9.52,36.28,normal,33.79,38.19,4.399999999999999
session_0093,2025-04-05 03:00:00,28.3,78.52,5.58,37.43,normal,37.81,38.94,1.1299999999999955
session_0093,2025-04-05 04:00:00,28.61,73.48,4.5,40.78,normal,33.67,27.72,-5.950000000000003
session_0093,2025-04-05 05:00:00,28.7,73.76,4.24,35.6,normal,43.97,43.35,-0.6199999999999974
session_0093,2025-04-05 06:00:00,28.93,71.73,3.15,35.31,normal,46.21,47.38,1.1700000000000017
session_0094,2025-04-06 00:00:00,28.91,67.82,0.05,38.98,blackout,43.73,40.31,-3.4199999999999946
session_0094,2025-04-06 01:00:00,29.56,69.28,11.18,36.33,blackout,31.61,29.6,-2.009999999999998
session_0094,2025-04-06 02:00:00,28.48,70.43,5.81,39.41,blackout,36.1,38.85,2.75
session_0094,2025-04-06 03:00:00,29.55,72.32,15.54,40.23,blackout,18.7,15.33,-3.369999999999999
session_0094,2025-04-06 04:00:00,28.67,72.54,8.9,50.42,blackout,7.96,7.29,-0.6699999999999999
session_0094,2025-04-06 05:00:00,30.07,70.18,5.48,40.38,blackout,29.2,28.39,-0.8099999999999987
session_0094,2025-04-06 06:00:00,28.99,74.19,2.9,39.49,blackout,37.04,41.27,4.230000000000004
session_0094,2025-04-06 07:00:00,27.5,70.68,1.66,39.49,blackout,45.48,45.24,-0.23999999999999488
session_0094,2025-04-06 08:00:00,28.9,68.49,8.42,34.66,blackout,41.02,46.87,5.849999999999994
session_0095,2025-04-06 23:00:00,27.13,74.17,7.63,36.09,blackout,43.25,41.59,-1.6599999999999966
session_0095,2025-04-07 00:00:00,28.04,74.64,3.89,37.24,blackout,43.2,41.1,-2.1000000000000014
session_0095,2025-04-07 01:00:00,28.7,72.3,2.66,41.52,blackout,35.11,34.7,-0.4099999999999966
session_0095,2025-04-07 02:00:00,28.03,68.06,1.91,39.82,blackout,43.68,45.55,1.8699999999999974
session_0095,2025-04-07 03:00:00,28.72,72.21,2.34,34.51,blackout,49.54,51.94,2.3999999999999986
session_0095,2025-04-07 04:00:00,29.15,71.23,11.68,60.68,blackout,0.0,0.0,0.0
session_0095,2025-04-07 05:00:00,28.74,71.37,7.65,49.15,blackout,12.61,6.87,-5.739999999999999
session_0095,2025-04-07 06:00:00,27.48,71.53,4.76,44.49,blackout,30.57,27.01,-3.5599999999999987
session_0095,2025-04-07 07:00:00,27.85,70.92,6.7,39.29,blackout,37.03,39.41,2.3799999999999955
session_0096,2025-04-07 23:00:00,24.24,67.2,12.34,33.12,always_lamp,56.43,54.9,-1.5300000000000011
session_0096,2025-04-08 00:00:00,23.79,70.44,10.02,35.3,always_lamp,54.44,58.0,3.5600000000000023
session_0096,2025-04-08 01:00:00,24.33,65.09,9.99,41.75,always_lamp,41.83,37.11,-4.719999999999999
session_0096,2025-04-08 02:00:00,24.99,67.01,9.83,46.7,always_lamp,29.1,27.4,-1.7000000000000028
session_0096,2025-04-08 03:00:00,24.9,65.14,10.34,38.63,always_lamp,45.73,40.08,-5.649999999999999
session_0096,2025-04-08 04:00:00,23.88,68.7,8.99,36.87,always_lamp,53.19,50.45,-2.739999999999995
session_0096,2025-04-08 05:00:00,24.78,62.01,12.23,35.26,always_lamp,52.44,54.03,1.5900000000000034
session_0097,2025-04-08 22:00:00,25.69,58.89,8.38,30.82,always_lamp,63.84,60.08,-3.760000000000005
session_0097,2025-04-08 23:00:00,25.47,57.29,8.89,31.82,always_lamp,62.45,65.32,2.8699999999999903
session_0097,2025-04-09 00:00:00,24.95,55.9,10.5,36.04,always_lamp,54.29,58.81,4.520000000000003
session_0097,2025-04-09 01:00:00,24.38,56.19,8.44,36.78,always_lamp,57.49,58.64,1.1499999999999986
session_0097,2025-04-09 02:00:00,24.77,58.92,27.31,38.95,always_lamp,32.76,29.2,-3.5599999999999987
session_0097,2025-04-09 03:00:00,24.42,63.84,31.19,35.86,always_lamp,34.69,35.57,0.8800000000000026
session_0097,2025-04-09 04:00:00,24.09,64.3,23.13,38.9,always_lamp,36.84,40.28,3.4399999999999977
session_0097,2025-04-09 05:00:00,24.24,64.44,34.24,37.5,always_lamp,29.08,31.85,2.770000000000003
session_0097,2025-04-09 06:00:00,24.04,64.05,25.25,35.18,always_lamp,42.67,45.8,3.1299999999999955
session_0098,2025-04-09 23:00:00,25.23,64.61,1.56,30.04,normal,74.95,79.21,4.259999999999991
session_0098,2025-04-10 00:00:00,25.31,62.72,11.78,34.83,normal,51.58,54.64,3.0600000000000023
session_0098,2025-04-10 01:00:00,25.16,65.1,6.35,41.86,normal,44.13,44.51,0.37999999999999545
session_0098,2025-04-10 02:00:00,24.97,66.79,4.58,39.44,normal,51.64,54.18,2.539999999999999
session_0098,2025-04-10 03:00:00,24.13,68.14,3.48,37.28,normal,60.02,59.49,-0.5300000000000011
session_0098,2025-04-10 04:00:00,24.12,67.85,2.89,35.02,normal,65.56,66.32,0.7599999999999909
session_0099,2025-04-11 00:00:00,28.64,73.23,2.12,31.03,normal,56.72,61.45,4.730000000000004
session_0099,2025-04-11 01:00:00,29.59,71.21,2.6,33.79,normal,47.97,45.52,-2.4499999999999957
session_0099,2025-04-11 02:00:00,28.68,75.85,2.64,36.79,normal,43.23,40.1,-3.1299999999999955
session_0099,2025-04-11 03:00:00,28.18,71.46,3.13,36.5,normal,46.6,44.88,-1.7199999999999989
session_0099,2025-04-11 04:00:00,28.69,72.7,6.92,35.81,normal,40.0,39.66,-0.3400000000000034
session_0099,2025-04-11 05:00:00,28.75,72.89,5.78,50.82,normal,11.4,13.85,2.4499999999999993
session_0099,2025-04-11 06:00:00,30.14,73.91,4.79,45.55,normal,18.16,21.32,3.16
session_0100,2025-04-11 22:00:00,27.29,67.49,10.56,47.89,street,17.7,21.47,3.7699999999999996
session_0100,2025-04-11 23:00:00,27.36,71.2,10.24,39.16,street,33.7,25.05,-8.650000000000002
session_0100,2025-04-12 00:00:00,28.68,72.16,6.94,37.12,street,37.59,38.08,0.4899999999999949
session_0100,2025-04-12 01:00:00,28.8,72.54,8.14,37.32,street,34.82,35.06,0.240000000000002
session_0100,2025-04-12 02:00:00,29.11,72.09,9.17,36.13,street,34.76,40.47,5.710000000000001
session_0100,2025-04-12 03:00:00,29.5,73.81,6.84,37.24,street,34.0,41.0,7.0
session_0100,2025-04-12 04:00:00,28.84,71.99,6.53,37.24,street,37.49,44.58,7.089999999999996
session_0100,2025-04-12 05:00:00,28.28,71.03,6.32,37.72,street,39.21,38.57,-0.6400000000000006
session_0100,2025-04-12 06:00:00,29.38,69.67,5.05,35.93,street,41.37,40.72,-0.6499999999999986
session_0101,2025-04-13 00:00:00,26.5,69.01,0.22,42.22,blackout,45.19,45.99,0.8000000000000043
session_0101,2025-04-13 01:00:00,26.06,69.53,0.0,39.3,blackout,52.38,52.13,-0.25
session_0101,2025-04-13 02:00:00,26.09,70.78,0.82,34.79,blackout,60.79,60.78,-0.00999999999999801
session_0101,2025-04-13 03:00:00,25.85,70.65,0.48,34.07,blackout,63.12,63.61,0.490000000000002
session_0101,2025-04-13 04:00:00,26.32,71.48,13.24,34.56,blackout,43.73,51.1,7.3700000000000045
session_0101,2025-04-13 05:00:00,26.12,67.08,8.18,36.1,blackout,48.79,42.93,-5.859999999999999
session_0101,2025-04-13 06:00:00,26.13,67.27,4.62,34.64,blackout,56.95,55.02,-1.9299999999999997
session_0102,2025-04-13 23:00:00,25.18,62.84,1.73,53.84,normal,27.96,19.68,-8.280000000000001
session_0102,2025-04-14 00:00:00,25.42,65.82,1.28,46.73,normal,40.81,39.87,-0.9400000000000048
session_0102,2025-04-14 01:00:00,25.03,69.13,1.36,42.43,normal,49.35,47.84,-1.509999999999998
session_0102,2025-04-14 02:00:00,24.87,67.15,1.41,38.89,normal,57.68,53.81,-3.8699999999999974
session_0102,2025-04-14 03:00:00,24.45,69.22,1.74,38.63,normal,58.37,64.72,6.350000000000001
session_0102,2025-04-14 04:00:00,24.93,64.25,1.31,37.99,normal,60.58,62.05,1.4699999999999989
session_0102,2025-04-14 05:00:00,25.51,67.75,1.19,33.54,normal,66.26,62.89,-3.3700000000000045
session_0103,2025-04-15 00:00:00,24.7,72.85,2.16,32.03,normal,68.6,69.77,1.1700000000000017
session_0103,2025-04-15 01:00:00,24.96,68.39,2.38,32.54,normal,68.13,77.08,8.950000000000003
session_0103,2025-04-15 02:00:00,25.11,69.27,6.09,33.03,normal,60.7,60.79,0.0899999999999963
session_0103,2025-04-15 03:00:00,25.22,65.68,6.08,36.4,normal,55.04,62.57,7.530000000000001
session_0103,2025-04-15 04:00:00,25.32,65.32,4.52,34.71,normal,60.55,61.18,0.6300000000000026
session_0103,2025-04-15 05:00:00,24.67,61.74,3.84,37.96,normal,58.79,62.59,3.8000000000000043
session_0103,2025-04-15 06:00:00,24.79,58.62,3.47,38.73,normal,58.62,59.42,0.8000000000000043
session_0103,2025-04-15 07:00:00,24.5,67.36,10.83,35.36,normal,52.33,48.9,-3.4299999999999997
session_0103,2025-04-15 08:00:00,24.25,69.29,10.01,34.96,normal,53.97,51.52,-2.4499999999999957
session_0104,2025-04-16 00:00:00,21.83,61.04,3.2,36.99,normal,71.9,67.64,-4.260000000000005
session_0104,2025-04-16 01:00:00,22.28,59.64,3.25,40.58,normal,63.62,58.04,-5.579999999999998
session_0104,2025-04-16 02:00:00,22.05,58.05,3.18,36.86,normal,72.62,76.79,4.170000000000002
session_0104,2025-04-16 03:00:00,22.56,56.16,1.99,59.17,normal,28.74,33.35,4.610000000000003
session_0104,2025-04-16 04:00:00,22.13,55.82,1.43,46.04,normal,57.48,65.92,8.440000000000005
session_0104,2025-04-16 05:00:00,22.59,56.03,1.85,41.87,normal,63.49,68.75,5.259999999999998
session_0104,2025-04-16 06:00:00,22.73,56.73,2.31,40.66,normal,64.46,55.59,-8.86999999999999
session_0104,2025-04-16 07:00:00,23.2,59.66,8.51,36.43,normal,60.81,64.25,3.4399999999999977
session_0105,2025-04-16 22:00:00,24.23,64.92,3.87,36.08,normal,62.75,64.92,2.1700000000000017
session_0105,2025-04-16 23:00:00,23.13,64.93,2.98,36.58,normal,66.94,67.52,0.5799999999999983
session_0105,2025-04-17 00:00:00,23.37,67.35,4.37,39.15,normal,57.91,56.11,-1.7999999999999972
session_0105,2025-04-17 01:00:00,24.52,65.53,4.54,39.28,normal,54.11,58.97,4.859999999999999
session_0105,2025-04-17 02:00:00,23.95,68.6,4.17,35.55,normal,62.89,58.28,-4.609999999999999
session_0105,2025-04-17 03:00:00,25.03,64.54,2.61,38.8,normal,56.55,59.78,3.230000000000004
session_0106,2025-04-17 22:00:00,29.23,74.69,4.45,37.93,normal,36.8,37.46,0.6600000000000037
session_0106,2025-04-17 23:00:00,29.18,80.96,3.1,35.91,normal,40.51,44.74,4.230000000000004
session_0106,2025-04-18 00:00:00,29.88,79.59,3.45,35.49,normal,38.92,39.89,0.9699999999999989
session_0106,2025-04-18 01:00:00,29.22,80.82,2.94,35.94,normal,40.62,38.92,-1.6999999999999957
session_0106,2025-04-18 02:00:00,28.52,75.51,2.27,35.11,normal,47.84,49.9,2.059999999999995
session_0106,2025-04-18 03:00:00,27.17,69.46,2.75,43.08,normal,38.33,37.4,-0.9299999999999997
session_0106,2025-04-18 04:00:00,27.81,67.54,2.87,39.01,normal,44.82,46.75,1.9299999999999997
session_0106,2025-04-18 05:00:00,27.73,67.98,3.01,37.7,normal,47.35,50.87,3.519999999999996
session_0106,2025-04-18 06:00:00,28.38,70.22,1.14,38.13,normal,46.13,41.02,-5.109999999999999
session_0107,2025-04-19 00:00:00,24.65,64.17,3.55,37.17,normal,59.87,56.87,-3.0
session_0107,2025-04-19 01:00:00,24.66,63.58,2.15,36.24,normal,64.04,57.86,-6.180000000000007
session_0107,2025-04-19 02:00:00,24.7,69.09,2.36,52.88,normal,28.12,26.45,-1.6700000000000017
session_0107,2025-04-19 03:00:00,25.02,69.18,2.58,46.41,normal,39.56,45.26,5.699999999999996
session_0107,2025-04-19 04:00:00,24.71,69.28,3.18,43.16,normal,46.19,46.8,0.6099999999999994
session_0107,2025-04-19 05:00:00,24.31,68.82,2.55,41.04,normal,52.99,51.77,-1.2199999999999989
session_0107,2025-04-19 06:00:00,24.62,69.51,2.93,56.71,normal,19.71,18.94,-0.7699999999999996
session_0107,2025-04-19 07:00:00,24.17,78.87,2.99,47.51,normal,35.86,37.03,1.1700000000000017
session_0108,2025-04-19 22:00:00,28.97,75.14,2.61,38.29,normal,39.55,43.65,4.100000000000001
session_0108,2025-04-19 23:00:00,28.33,72.46,3.78,39.5,normal,38.68,44.75,6.07
session_0108,2025-04-20 00:00:00,28.44,76.41,8.93,62.79,normal,0.0,6.3,6.3
session_0108,2025-04-20 01:00:00,28.63,76.29,6.9,52.2,normal,6.02,1.55,-4.47
session_0108,2025-04-20 02:00:00,27.64,76.12,5.06,43.83,normal,29.08,27.64,-1.4399999999999977
session_0108,2025-04-20 03:00:00,28.83,77.53,4.16,56.22,normal,0.89,2.9,2.01
session_0108,2025-04-20 04:00:00,29.55,74.41,10.68,48.55,normal,5.6,4.69,-0.9099999999999993
session_0108,2025-04-20 05:00:00,28.95,75.73,6.87,45.53,normal,18.52,17.34,-1.1799999999999997
session_0109,2025-04-20 23:00:00,24.46,63.58,1.43,37.42,normal,63.48,59.67,-3.809999999999995
session_0109,2025-04-21 00:00:00,24.93,66.42,3.01,37.2,normal,58.77,51.86,-6.910000000000004
session_0109,2025-04-21 01:00:00,25.01,67.53,2.89,33.68,normal,65.25,66.77,1.519999999999996
session_0109,2025-04-21 02:00:00,24.91,66.5,15.89,43.4,normal,30.63,27.38,-3.25
session_0109,2025-04-21 03:00:00,24.84,64.57,11.58,39.13,normal,44.05,36.3,-7.75
session_0109,2025-04-21 04:00:00,25.03,63.07,8.68,35.67,normal,54.31,49.48,-4.830000000000005
session_0109,2025-04-21 05:00:00,25.96,60.1,5.84,36.27,normal,55.29,59.34,4.050000000000004
session_0110,2025-04-21 22:00:00,24.15,57.54,10.08,34.6,always_lamp,59.67,61.59,1.9200000000000017
session_0110,2025-04-21 23:00:00,24.05,59.21,12.18,59.65,always_lamp,7.37,0.4,-6.97
session_0110,2025-04-22 00:00:00,25.02,60.74,12.06,51.92,always_lamp,18.93,20.35,1.4200000000000017
session_0110,2025-04-22 01:00:00,25.27,61.27,9.96,42.04,always_lamp,39.53,40.53,1.0
session_0110,2025-04-22 02:00:00,25.41,64.78,13.69,38.21,always_lamp,41.89,44.91,3.019999999999996
session_0110,2025-04-22 03:00:00,25.3,64.93,12.84,35.52,always_lamp,48.39,53.82,5.43
session_0110,2025-04-22 04:00:00,25.25,68.42,11.98,33.05,always_lamp,52.87,50.12,-2.75
session_0110,2025-04-22 05:00:00,24.69,69.1,20.67,35.47,always_lamp,41.9,38.17,-3.729999999999997
session_0110,2025-04-22 06:00:00,25.32,71.23,28.0,32.86,always_lamp,37.45,37.53,0.0799999999999983
session_0111,2025-04-22 23:00:00,24.66,66.89,0.9,54.92,normal,27.1,26.59,-0.5100000000000016
session_0111,2025-04-23 00:00:00,24.93,69.01,10.87,48.81,normal,23.22,24.33,1.1099999999999994
session_0111,2025-04-23 01:00:00,25.15,64.99,7.83,45.39,normal,34.97,36.26,1.2899999999999991
session_0111,2025-04-23 02:00:00,24.62,62.17,4.73,45.61,normal,42.17,46.84,4.670000000000002
session_0111,2025-04-23 03:00:00,24.41,62.97,4.79,41.6,normal,50.5,53.49,2.990000000000002
session_0111,2025-04-23 04:00:00,25.1,63.77,4.37,50.29,normal,31.01,34.34,3.330000000000002
session_0111,2025-04-23 05:00:00,25.36,67.29,3.89,40.14,normal,49.71,45.96,-3.75
session_0112,2025-04-23 23:00:00,26.84,70.14,11.85,33.99,always_lamp,44.88,43.55,-1.3300000000000054
session_0112,2025-04-24 00:00:00,26.06,70.5,14.46,35.77,always_lamp,41.54,44.58,3.039999999999999
session_0112,2025-04-24 01:00:00,26.21,68.74,11.72,49.22,always_lamp,17.27,18.29,1.0199999999999996
session_0112,2025-04-24 02:00:00,25.34,69.0,11.98,43.03,always_lamp,32.36,34.56,2.200000000000003
session_0112,2025-04-24 03:00:00,24.61,65.97,12.26,43.2,always_lamp,35.56,42.57,7.009999999999998
session_0112,2025-04-24 04:00:00,24.84,67.73,9.92,40.78,always_lamp,41.02,45.25,4.229999999999997
session_0112,2025-04-24 05:00:00,25.43,70.39,6.89,55.35,always_lamp,13.29,13.91,0.620000000000001
session_0112,2025-04-24 06:00:00,24.77,67.93,11.36,46.83,always_lamp,27.77,26.27,-1.5
session_0112,2025-04-24 07:00:00,25.04,63.35,8.5,41.76,always_lamp,42.24,40.19,-2.0500000000000043
session_0113,2025-04-24 23:00:00,29.4,74.03,1.75,36.86,normal,42.66,37.02,-5.6399999999999935
session_0113,2025-04-25 00:00:00,29.3,74.63,1.76,39.93,normal,36.62,41.56,4.940000000000005
session_0113,2025-04-25 01:00:00,29.6,69.37,2.0,37.58,normal,42.0,45.98,3.979999999999997
session_0113,2025-04-25 02:00:00,29.66,74.27,2.17,49.15,normal,16.42,17.67,1.25
session_0113,2025-04-25 03:00:00,28.75,74.67,3.08,42.17,normal,32.04,31.79,-0.25
session_0113,2025-04-25 04:00:00,28.66,71.46,6.58,35.26,normal,42.2,45.65,3.4499999999999957
session_0114,2025-04-26 00:00:00,26.32,64.14,0.55,39.85,blackout,52.53,42.96,-9.57
session_0114,2025-04-26 01:00:00,26.07,64.06,0.0,51.47,blackout,30.21,26.57,-3.6400000000000006
session_0114,2025-04-26 02:00:00,25.29,62.86,0.0,45.26,blackout,45.84,48.91,3.069999999999993
session_0114,2025-04-26 03:00:00,25.4,61.3,0.26,40.7,blackout,55.17,59.85,4.68
session_0114,2025-04-26 04:00:00,25.04,62.53,0.0,38.54,blackout,60.27,56.16,-4.1100000000000065
session_0114,2025-04-26 05:00:00,25.09,61.64,11.01,37.09,blackout,48.95,48.6,-0.3500000000000014
session_0114,2025-04-26 06:00:00,24.64,62.88,6.6,34.73,blackout,60.75,64.55,3.799999999999997
session_0114,2025-04-26 07:00:00,24.29,63.29,14.49,33.69,blackout,54.75,56.79,2.039999999999999
session_0115,2025-04-27 00:00:00,24.27,59.92,11.89,35.95,street,53.96,54.65,0.6899999999999977
session_0115,2025-04-27 01:00:00,22.72,60.55,12.02,32.41,street,66.14,59.78,-6.359999999999999
session_0115,2025-04-27 02:00:00,23.39,60.23,8.78,34.67,street,63.02,56.75,-6.270000000000003
session_0115,2025-04-27 03:00:00,23.31,58.07,10.44,33.17,street,64.98,70.32,5.339999999999989
session_0115,2025-04-27 04:00:00,22.37,56.18,13.17,56.67,street,19.56,22.04,2.4800000000000004
session_0115,2025-04-27 05:00:00,22.17,54.27,10.24,47.32,street,42.35,42.73,0.37999999999999545
session_0116,2025-04-28 00:00:00,25.16,61.88,3.88,38.87,normal,55.14,56.28,1.1400000000000006
session_0116,2025-04-28 01:00:00,24.77,64.17,12.46,38.55,normal,44.82,48.87,4.049999999999997
session_0116,2025-04-28 02:00:00,25.53,65.83,8.53,38.36,normal,46.3,42.2,-4.099999999999994
session_0116,2025-04-28 03:00:00,25.09,66.46,6.86,39.65,normal,47.49,43.18,-4.310000000000002
session_0116,2025-04-28 04:00:00,24.85,72.35,5.26,38.06,normal,51.55,53.06,1.5100000000000051
session_0116,2025-04-28 05:00:00,25.2,71.95,16.94,37.38,normal,38.5,36.96,-1.5399999999999991
session_0116,2025-04-28 06:00:00,24.47,68.94,11.46,38.38,normal,45.19,49.91,4.719999999999999
session_0117,2025-04-28 22:00:00,29.61,73.04,2.84,33.41,normal,47.57,54.53,6.960000000000001
session_0117,2025-04-28 23:00:00,28.8,76.62,3.0,30.71,normal,54.12,50.8,-3.3200000000000003
session_0117,2025-04-29 00:00:00,29.78,75.17,2.82,31.96,normal,49.05,51.53,2.480000000000004
session_0117,2025-04-29 01:00:00,30.05,72.13,3.1,50.89,normal,11.06,16.26,5.200000000000001
session_0117,2025-04-29 02:00:00,28.81,76.05,2.25,45.68,normal,25.5,22.94,-2.5599999999999987
session_0117,2025-04-29 03:00:00,28.37,69.54,2.85,41.41,normal,37.3,36.35,-0.9499999999999957
session_0117,2025-04-29 04:00:00,28.62,68.61,3.69,38.0,normal,42.35,42.33,-0.020000000000003126
session_0118,2025-04-29 22:00:00,25.16,71.65,0.0,37.12,blackout,59.02,53.95,-5.07
session_0118,2025-04-29 23:00:00,25.55,74.69,15.92,34.61,blackout,42.64,48.95,6.310000000000002
session_0118,2025-04-30 00:00:00,26.3,74.14,9.66,36.02,blackout,43.28,53.51,10.229999999999997
session_0118,2025-04-30 01:00:00,26.24,72.43,5.71,36.01,blackout,50.09,54.54,4.449999999999996
session_0118,2025-04-30 02:00:00,25.32,72.75,3.18,58.85,blackout,11.31,14.27,2.959999999999999
session_0118,2025-04-30 03:00:00,24.88,72.77,11.62,51.02,blackout,16.81,15.44,-1.3699999999999992
session_0118,2025-04-30 04:00:00,24.7,71.13,6.57,45.55,blackout,35.64,36.29,0.6499999999999986
session_0118,2025-04-30 05:00:00,25.02,68.69,4.23,40.25,blackout,49.62,46.0,-3.6199999999999974
session_0119,2025-05-01 00:00:00,31.32,76.57,1.02,33.31,normal,43.11,40.42,-2.6899999999999977
session_0119,2025-05-01 01:00:00,30.78,78.35,0.96,36.76,normal,37.4,32.25,-5.149999999999999
session_0119,2025-05-01 02:00:00,31.18,80.68,2.15,35.62,normal,35.64,35.53,-0.10999999999999943
session_0119,2025-05-01 03:00:00,29.41,82.46,1.43,51.58,normal,10.28,14.09,3.8100000000000005
session_0119,2025-05-01 04:00:00,28.37,81.88,1.66,47.9,normal,21.15,13.27,-7.879999999999999
session_0119,2025-05-01 05:00:00,27.85,79.68,2.27,45.31,normal,28.11,24.57,-3.539999999999999
